key,road_class,n_roads,max_lanes,maxspeed
37.57135,127.0091,primary,21,6,60
37.57017,126.98375,primary,20,4,60
37.57022,126.99779,primary,18,4,60
37.56385,126.97784,primary,25,8,60
37.55705,126.97266,primary,34,5,
37.56091,126.98171,primary,25,11,50
37.53461,126.99563,secondary,19,,
37.53324,127.00738,primary,23,2,
37.5224,126.96186,trunk,21,6,80
37.56154,127.03513,primary,36,,10
37.5511,127.04421,trunk,27,6,80
37.5585,127.03405,primary,13,,50
37.53992,127.07067,trunk,23,5,50
37.53714,127.08347,primary,36,8,50
37.55355,127.08848,primary,14,5,
37.58085,127.04512,primary,29,6,60
37.57361,127.03819,primary,19,7,60
37.57818,127.03837,primary,22,4,60
37.59988,127.10049,primary,34,5,
37.59781,127.09393,primary,33,,50
37.58839,127.08764,secondary,17,,
37.60403,127.02619,trunk,34,6,70
37.60338,127.03225,trunk,29,8,70
37.59336,127.0164,primary,29,6,
37.63798,127.02565,primary,22,3,
37.63528,127.02327,primary,32,6,
37.61645,127.02991,primary,19,3,
37.65271,127.05247,trunk,12,6,80
37.65067,127.03603,primary,23,8,
37.66282,127.04251,primary,15,6,
37.6548,127.06059,primary,20,8,50
37.61715,127.07421,trunk,12,4,70
37.61926,127.07832,primary,14,4,60
37.61842,126.9201,primary,28,6,50
37.58973,126.91724,secondary,25,,
37.61096,126.92959,primary,19,3,50
37.58142,126.93617,trunk,28,3,70
37.59149,126.94148,trunk,25,8,70
37.56534,126.96623,primary,29,8,60
37.54923,126.91346,primary,20,6,30
37.54041,126.94707,primary,16,5,
37.54394,126.95103,primary,41,5,
37.53589,126.82838,primary,19,4,
37.5297,126.83255,primary,25,4,
37.52617,126.86438,secondary,17,10,
37.55312,126.85081,primary,14,7,30
37.53061,126.84746,secondary,16,6,
37.55546,126.85354,primary,24,6,60
37.49306,126.85609,primary,15,3,
37.49527,126.88889,secondary,15,,
37.49888,126.87183,trunk,15,2,80
37.45477,126.90058,primary,31,6,60
37.47144,126.89823,primary,17,4,50
37.4383,126.90315,trunk,41,5,80
37.51914,126.91255,primary,35,8,
37.51641,126.90668,primary,14,,50
37.53596,126.89784,primary,23,,
37.49856,126.92816,secondary,21,,
37.50319,126.94772,primary,27,6,
37.49925,126.93122,primary,25,,
37.48427,126.92975,primary,28,6,60
37.48127,126.95278,primary,21,8,60
37.48757,126.92882,secondary,11,,60
37.46068,127.03603,trunk,11,3,50
37.4657,127.04302,trunk,41,8,50
37.49984,126.98487,primary,28,6,60
37.50083,127.03697,primary,10,5,
37.50452,127.02453,primary,20,8,
37.50733,127.03393,primary,12,,
37.47087,127.12676,motorway,30,7,100
37.49258,127.11881,primary,17,7,50
37.51086,127.08298,primary,12,,
37.53528,127.13433,primary,20,2,
37.53396,127.13862,primary,13,,30
37.53836,127.12427,primary,26,7,
35.09775,129.02826,primary,16,8,
35.10311,129.02535,secondary,40,,
35.10294,129.03644,primary,25,4,
35.09645,129.02447,primary,17,8,
35.11147,129.02181,secondary,17,,
35.08009,129.02205,trunk,28,4,
35.11484,129.03948,primary,17,8,
35.12024,129.0391,secondary,15,,
35.11807,129.04135,primary,20,3,
35.09217,129.03971,secondary,25,6,
35.09076,129.04362,trunk,19,6,
35.08817,129.04222,trunk,9,,
35.15777,129.05915,primary,13,4,
35.1507,129.05922,trunk,19,4,70
35.15771,129.05476,secondary,21,,
35.20442,129.07806,trunk,28,10,80
35.21179,129.07875,primary,18,10,
35.20144,129.08524,primary,10,6,
35.13605,129.06777,trunk,23,2,60
35.13799,129.10138,secondary,13,1,
35.13512,129.09193,secondary,18,3,
35.21014,129.0054,primary,14,6,60
35.21259,129.01026,secondary,15,,30
35.21287,129.0377,trunk,20,,80
35.1629,129.16461,secondary,18,5,
35.16893,129.13897,trunk,39,2,70
35.20487,129.11974,trunk,26,,80
35.10615,128.96847,primary,29,6,
35.1044,128.96456,secondary,24,6,
35.10416,128.97209,primary,6,6,
35.24618,129.0929,primary,12,2,
35.21451,129.10565,secondary,12,,
35.23143,129.08516,tertiary,10,2,
35.08896,128.8395,primary,11,8,80
35.11126,128.93191,primary,14,,70
35.11468,128.91956,primary,12,,
35.18606,129.08166,secondary,19,6,60
35.18185,129.07831,secondary,25,3,60
35.18841,129.08468,secondary,5,,
35.16736,129.11523,secondary,30,,50
35.16811,129.1177,secondary,24,,30
35.15476,129.11873,secondary,14,4,50
35.16208,128.98474,secondary,16,7,
35.16335,128.97593,trunk,10,7,70
35.16711,128.98231,secondary,8,,
35.24513,129.21678,tertiary,19,2,
35.24891,129.21388,primary,17,4,
35.24309,129.21671,tertiary,21,,
35.86548,128.59339,secondary,26,6,70
35.8639,128.5995,secondary,12,8,
35.87099,128.59411,secondary,17,2,30
35.87662,128.62613,secondary,21,6,
35.88562,128.63302,primary,19,,
35.87465,128.61764,secondary,13,6,
35.87045,128.55497,primary,13,,
35.8579,128.55749,primary,17,6,70
35.87224,128.57119,secondary,12,,
35.84605,128.59056,secondary,16,6,
35.85259,128.58342,secondary,19,2,
35.83906,128.5768,secondary,21,6,
35.88633,128.60083,trunk,18,3,
35.91356,128.54852,primary,11,,
35.92562,128.54736,primary,16,,
35.83982,128.62391,secondary,13,5,
35.85912,128.6263,secondary,20,10,
35.8598,128.61415,secondary,15,10,30
35.85018,128.53728,primary,13,4,60
35.81902,128.53792,primary,12,4,60
35.84947,128.53075,primary,6,4,60
35.8034,128.49796,primary,14,1,60
35.86039,128.46272,primary,14,4,60
35.80478,128.5014,primary,10,,60
37.46494,126.634,motorway,17,3,80
37.48619,126.50591,secondary,8,6,
37.47252,126.62914,tertiary,19,6,
37.47591,126.64467,primary,27,4,30
37.47767,126.63234,tertiary,18,3,
37.4827,126.65893,secondary,2,,
37.45227,126.66752,secondary,15,8,
37.46403,126.68039,secondary,13,,
37.44806,126.67975,secondary,14,1,
37.41541,126.67691,secondary,13,6,
37.3959,126.65185,secondary,7,4,70
37.41793,126.69402,secondary,13,10,
37.45587,126.71938,secondary,12,,
37.40104,126.72448,secondary,9,,
37.4501,126.70122,secondary,6,8,
37.49099,126.72973,secondary,25,7,50
37.49433,126.72661,tertiary,17,,30
37.49134,126.72317,secondary,24,8,60
37.52995,126.72254,secondary,18,2,
37.52788,126.72253,secondary,11,,
37.54348,126.72282,secondary,14,8,
37.52471,126.67639,trunk,11,8,60
37.50629,126.67353,secondary,15,,
37.59374,126.67288,secondary,17,10,60
37.7412,126.49697,secondary,5,,
37.74681,126.48532,secondary,12,,
37.73756,126.51374,primary,19,8,
35.13936,126.92297,primary,29,2,80
35.15088,126.93039,primary,15,4,60
35.14956,126.92216,tertiary,11,,
35.1529,126.85299,tertiary,7,4,
35.15021,126.85713,primary,23,4,60
35.16133,126.88347,primary,15,8,70
35.13442,126.89965,primary,23,4,60
35.13376,126.90759,primary,16,4,60
35.13337,126.90136,primary,41,4,60
35.18727,126.8996,secondary,18,6,
35.1765,126.9279,primary,21,,60
35.17682,126.87912,primary,20,4,60
35.19074,126.82386,secondary,21,3,60
35.14162,126.79472,primary,22,4,60
35.19067,126.82882,secondary,20,6,50
36.35108,127.44212,secondary,24,6,70
36.33119,127.43267,primary,36,4,70
36.34751,127.43211,secondary,18,6,
36.31314,127.43489,secondary,17,4,
36.324,127.42023,secondary,21,4,
36.31689,127.39159,primary,23,4,70
36.34973,127.37739,primary,15,4,70
36.35309,127.36891,primary,24,4,70
36.35134,127.37843,primary,24,4,70
36.35534,127.342,secondary,12,4,
36.39589,127.31188,trunk,17,4,80
36.36049,127.30417,primary,28,4,70
36.35652,127.40551,trunk,24,3,70
36.35617,127.445,secondary,21,4,
36.35859,127.41559,primary,17,4,70
35.5788,129.34222,primary,18,,80
35.55338,129.3089,primary,10,6,60
35.55869,129.32782,secondary,12,,60
35.53218,129.30757,primary,39,,60
35.55008,129.26378,primary,28,3,70
35.53771,129.33513,secondary,13,,60
35.49811,129.42801,secondary,8,,
35.50743,129.43005,secondary,11,1,
35.5043,129.42957,secondary,11,,
35.5491,129.35776,secondary,10,3,70
35.62857,129.35245,tertiary,13,,
35.55624,129.36062,secondary,12,,70
35.43378,129.31063,secondary,18,,
35.56231,129.12691,motorway,18,3,100
35.56994,129.2433,secondary,16,4,
36.51167,127.24824,tertiary,15,,
36.60127,127.29809,tertiary,43,4,
36.50391,127.26704,tertiary,9,4,50
37.26836,127.02723,primary,21,,
37.29505,127.01636,primary,10,,
37.29817,126.97151,secondary,28,5,
37.43284,127.12902,primary,20,,80
37.43,127.12941,primary,16,,80
37.44092,127.13184,secondary,24,4,
37.73718,127.04286,tertiary,28,4,
37.73741,127.05179,tertiary,26,4,50
37.74115,127.04715,secondary,27,4,50
37.3779,126.95426,motorway,17,4,100
37.40373,126.95726,primary,20,,
37.38906,126.94816,primary,15,,
37.50475,126.76318,tertiary,13,4,60
37.50488,126.75308,tertiary,17,5,50
37.48587,126.78303,primary,16,5,
37.47938,126.85443,secondary,15,,
37.47848,126.85751,secondary,14,,
37.47553,126.86613,secondary,12,,
36.99173,127.08812,secondary,19,,
37.06662,127.06402,primary,19,4,70
36.99562,127.08312,tertiary,16,,
37.90036,127.05268,tertiary,8,2,
37.89254,127.05722,secondary,8,6,
37.89949,127.05767,secondary,6,4,
37.31619,126.84513,primary,14,7,
37.30158,126.86697,secondary,12,3,
37.31661,126.83682,primary,27,4,60
37.66337,126.76903,primary,14,4,60
37.65729,126.77364,primary,8,4,60
37.64306,126.78805,primary,24,6,60
37.42781,126.99135,tertiary,7,,
37.43452,126.99722,tertiary,14,4,
37.41141,126.98048,motorway,8,3,100
37.601,127.14119,primary,25,6,
37.58939,127.15651,motorway,7,5,80
37.59788,127.14348,tertiary,18,,30
37.65359,127.24379,tertiary,19,,30
37.71615,127.1798,residential,23,,
37.58674,127.21222,residential,20,2,60
37.14173,127.07348,primary,17,3,
37.14637,127.07356,primary,14,,
37.15582,127.07286,primary,19,,
37.34689,126.73635,tertiary,15,4,
37.45936,126.80272,secondary,15,,
37.35146,126.74073,secondary,18,4,
37.35752,126.93142,tertiary,13,,
37.35862,126.93481,tertiary,16,,
37.35071,126.94463,primary,14,3,20
37.3525,126.97139,primary,23,,
37.35862,126.96553,primary,16,8,
37.34501,126.9757,primary,18,,
37.5498,127.18683,primary,34,8,
37.53798,127.20455,tertiary,23,2,40
37.54166,127.20688,primary,40,8,
37.27038,127.10566,trunk,18,,50
37.25365,127.10527,motorway,11,4,110
37.3245,127.09809,secondary,22,,
37.75908,126.77671,secondary,7,,
37.75775,126.77223,tertiary,16,,
37.76509,126.7739,secondary,17,6,60
37.28084,127.44699,secondary,25,,
37.27823,127.44683,secondary,14,,
37.28436,127.44719,secondary,21,,
37.00379,127.26835,secondary,20,,
37.00704,127.26653,secondary,14,,
36.99389,127.13789,primary,6,6,80
37.59978,126.77168,primary,17,2,70
37.69161,126.59867,tertiary,18,4,
37.62115,126.71577,secondary,16,,60
37.20655,127.07578,primary,26,4,60
37.21367,127.04112,primary,15,,
37.13154,126.92121,primary,12,,
37.40995,127.25928,tertiary,10,6,
37.4077,127.26101,tertiary,21,6,70
37.41582,127.25072,secondary,16,4,
37.8186,127.04609,secondary,16,,
37.79512,127.07873,secondary,6,6,60
37.8222,127.04914,secondary,10,,
37.80545,127.13149,primary,9,6,60
37.85498,127.16723,primary,17,2,30
37.7778,127.11463,primary,9,4,60
37.28792,127.63437,tertiary,21,6,
37.20599,127.54308,primary,14,,
37.29885,127.55638,primary,7,,80
38.02975,127.06621,primary,15,6,
38.02309,127.06737,primary,9,6,
37.98664,127.07056,primary,2,2,
37.73577,127.41505,primary,10,4,
37.81692,127.50824,primary,24,1,
37.82154,127.51396,primary,19,,
37.49535,127.48502,secondary,19,4,
37.48796,127.49199,secondary,29,4,
37.48999,127.49436,tertiary,31,,
37.9002,127.7286,tertiary,17,,
37.86068,127.74428,tertiary,8,,
37.8554,127.74943,tertiary,9,,
37.34719,127.93209,tertiary,17,4,
37.35152,127.9492,secondary,17,3,40
37.34644,127.95393,secondary,28,3,
37.75643,128.89886,primary,25,4,60
37.76538,128.87349,primary,21,4,60
37.75419,128.89534,primary,9,,
37.49251,129.11066,primary,10,4,
37.53029,129.10479,primary,13,4,
37.54482,129.10319,tertiary,11,,
37.15933,128.98991,primary,9,,60
37.14763,128.99251,primary,14,,60
37.17406,128.99374,primary,19,,60
38.19199,128.57903,primary,14,4,
38.19738,128.57613,primary,7,4,
38.1896,128.58888,primary,22,4,40
37.43944,129.16859,tertiary,11,,
37.44082,129.16426,tertiary,10,,
37.44677,129.17872,primary,7,,
37.67565,127.85517,trunk,3,,70
37.80589,127.99262,trunk,9,2,80
37.80033,127.9875,trunk,7,2,80
37.49101,127.98776,tertiary,22,,
37.48839,127.98565,tertiary,25,,50
37.50932,128.21443,secondary,9,2,
37.18038,128.47723,primary,22,4,
37.14305,128.68115,secondary,8,,
37.1809,128.46255,primary,26,4,
37.63668,128.55816,primary,16,4,
37.36769,128.39552,tertiary,6,,
37.63871,128.55995,primary,13,4,
37.2263,128.81493,secondary,17,,60
37.38154,128.6666,secondary,4,2,
37.20946,128.8425,trunk,7,2,
38.15807,127.30972,primary,11,4,
38.1849,127.33314,primary,4,,
38.2498,127.41846,primary,9,,
38.1084,127.98955,tertiary,21,,
38.10274,127.98629,primary,20,,
38.12135,128.20892,trunk,17,,80
38.06497,128.17529,trunk,6,,70
38.09262,128.17977,trunk,5,,80
38.24244,128.56993,primary,6,4,80
38.26633,128.3576,primary,2,2,40
38.26026,128.55466,primary,13,4,80
38.06985,128.6248,primary,12,2,60
38.14032,128.61412,primary,4,4,70
38.11613,128.6298,primary,6,4,40
36.63398,127.46053,secondary,23,4,50
36.63167,127.42748,secondary,19,,
36.64306,127.46249,tertiary,16,4,
36.98234,127.92832,tertiary,15,6,
36.98231,127.93447,tertiary,24,6,
36.98447,127.93953,tertiary,12,4,
37.12303,128.2016,primary,12,4,
37.13287,128.20608,tertiary,8,1,
37.13001,128.20638,primary,11,1,
36.48517,127.72175,tertiary,9,,
36.47892,127.70551,tertiary,3,,
36.48308,127.72263,tertiary,7,,
36.3012,127.569,secondary,17,,
36.30569,127.54839,trunk,8,2,
36.29861,127.56674,primary,15,4,
36.17537,127.7778,secondary,12,,
36.17395,127.77506,primary,18,2,
36.16469,127.78588,secondary,6,,
36.78523,127.58272,secondary,19,2,
36.78345,127.57313,primary,14,4,
36.78828,127.56879,primary,11,,60
36.85481,127.44458,tertiary,22,2,
36.98924,127.44715,primary,10,,
36.86138,127.42969,trunk,10,2,80
36.80941,127.79641,primary,9,,60
36.80695,127.79333,primary,8,,60
36.83585,127.76099,trunk,10,,80
36.99352,127.5953,secondary,26,,
36.96693,127.48773,tertiary,10,,
36.96771,127.48564,secondary,11,,
36.98121,128.36879,primary,10,4,30
36.97782,128.3668,primary,7,4,30
37.01701,128.3318,primary,8,,80
36.83291,127.13573,tertiary,10,2,40
36.81907,127.13658,secondary,10,4,60
36.79907,127.13114,secondary,22,4,60
36.47044,127.12755,primary,19,5,60
36.46222,127.04733,primary,16,,
36.45661,127.12477,secondary,8,,
36.35025,126.59687,secondary,14,,
36.35234,126.60819,primary,14,3,70
36.34857,126.60447,primary,19,3,60
36.78136,127.00411,primary,24,3,60
36.78223,127.00037,primary,27,6,
36.78081,127.00683,primary,14,6,
36.76965,126.45321,primary,19,4,60
36.77715,126.45275,secondary,17,4,50
36.78365,126.45937,tertiary,52,4,50
36.19157,127.09452,primary,14,4,50
36.20256,127.08672,secondary,13,4,
36.21044,127.21846,primary,8,4,
36.28837,127.24511,residential,12,,50
36.28219,127.24231,primary,7,2,
36.28331,127.24904,tertiary,5,,
36.90037,126.63264,primary,13,3,60
36.89833,126.62811,primary,21,3,60
36.94529,126.78347,trunk,17,3,80
36.10198,127.49596,secondary,24,,
36.10226,127.4883,primary,15,,
36.10717,127.48975,primary,15,,
36.27612,126.91091,secondary,13,,
36.21559,126.76005,tertiary,10,,
36.27603,126.90331,secondary,13,2,
36.08892,126.68272,primary,9,2,70
36.07424,126.69923,secondary,8,2,
36.02889,126.71035,trunk,15,,70
36.46125,126.7977,primary,11,,
36.41115,126.95123,primary,13,,
36.45201,126.81974,primary,13,,
36.60489,126.66233,tertiary,17,2,60
36.5997,126.66568,tertiary,20,,
36.60062,126.671,tertiary,12,,
36.70413,126.66902,tertiary,9,1,
36.67529,126.78634,motorway,19,,110
36.6849,126.80735,primary,17,,
36.75316,126.29877,tertiary,12,,
36.75139,126.30229,tertiary,13,1,
36.7525,126.29368,secondary,9,,
35.84428,127.12479,tertiary,17,3,
35.81207,127.12317,tertiary,17,10,60
35.83546,127.13509,tertiary,18,4,
35.97936,126.72029,primary,13,,
35.96369,126.69369,tertiary,13,4,
35.96967,126.68494,tertiary,8,,30
35.95933,126.98161,tertiary,7,6,60
35.94587,126.96628,secondary,14,,
35.95924,126.97734,tertiary,18,6,60
35.55657,126.86557,secondary,12,,
35.56628,126.86202,primary,14,,
35.57049,126.85265,primary,9,,
35.40667,127.37362,primary,15,1,
35.39931,127.37928,secondary,11,,
35.40096,127.37707,primary,14,,
35.80389,126.89702,secondary,12,,
35.79981,126.88794,secondary,11,,60
35.8054,126.88335,secondary,13,,
35.91053,127.07264,secondary,13,,80
35.85448,127.20927,primary,5,4,
35.87912,127.15619,primary,5,,
35.97432,127.65205,primary,6,2,
36.00602,127.6676,secondary,11,2,
36.00933,127.78723,primary,4,,
35.68464,127.27905,secondary,5,,
35.37052,127.14081,tertiary,11,,
35.4042,126.67526,primary,4,2,
35.43537,126.69248,primary,15,2,
35.51095,126.67184,primary,3,,
35.72718,126.73965,secondary,25,,
35.72644,126.73222,secondary,34,,
35.7291,126.7299,tertiary,25,,
34.80377,126.42037,secondary,19,4,
34.81075,126.42377,tertiary,8,6,
34.80618,126.42376,tertiary,18,6,
34.75937,127.66767,secondary,27,6,
34.74028,127.73145,tertiary,25,4,50
34.75286,127.70452,tertiary,12,2,
34.95318,127.51905,secondary,19,,
34.95804,127.52128,primary,25,,
34.95457,127.52575,tertiary,17,,20
34.9947,126.71379,primary,22,,
35.03571,126.72335,secondary,14,4,
35.03588,126.7187,secondary,15,4,
34.97476,127.58853,secondary,11,,
34.96993,127.5896,secondary,27,,
34.9385,127.69508,secondary,19,,
35.30049,126.98058,primary,18,4,
35.2225,126.97402,motorway,24,4,100
35.31849,126.97229,primary,9,,
35.28145,127.30115,secondary,14,4,
35.27832,127.29398,secondary,11,4,
35.27615,127.13548,tertiary,14,,
35.21616,127.46456,secondary,14,,
35.20477,127.46652,primary,12,4,
35.21265,127.46469,secondary,23,2,
34.52729,127.13479,secondary,18,,
34.60986,127.28761,secondary,11,1,
34.52598,127.14086,secondary,21,,
34.84262,127.34501,secondary,13,2,
34.76925,127.08227,secondary,11,,
34.76767,127.08532,secondary,8,,
35.0587,126.98167,secondary,23,,
35.05574,126.98364,tertiary,8,,
35.05373,126.91085,secondary,18,,70
34.67625,126.90939,secondary,18,4,
34.6802,126.90507,primary,16,2,50
34.67805,126.9259,trunk,8,4,
34.44968,126.81871,tertiary,7,,
34.72024,126.81287,secondary,4,,
34.70131,126.70835,trunk,13,,
34.57095,126.60719,secondary,22,,
34.5601,126.58725,trunk,11,4,
34.56522,126.60203,secondary,9,,
34.73623,126.51188,trunk,6,4,
34.77394,126.45879,secondary,9,8,60
34.77985,126.45209,secondary,8,8,
34.84879,126.49509,secondary,9,2,
35.01306,126.43319,motorway,8,2,80
34.84923,126.4929,secondary,13,2,
35.02152,126.53435,trunk,7,,
35.0664,126.52553,primary,10,3,
35.0596,126.52606,primary,9,,
35.27608,126.50113,primary,14,4,
35.35582,126.45163,secondary,19,4,80
35.27647,126.50698,secondary,11,2,
35.30088,126.78293,residential,8,,
35.28746,126.78692,motorway,7,2,100
35.24852,126.8136,primary,5,2,80
34.31885,126.74693,primary,10,,
34.31413,126.75705,secondary,12,2,
34.31619,126.75002,secondary,8,,
34.48103,126.26373,tertiary,11,2,
34.4781,126.26387,primary,15,1,
34.42098,126.17532,tertiary,2,,
36.02027,129.35606,primary,27,5,50
36.03525,129.36215,secondary,20,4,40
36.01267,129.35005,secondary,13,3,50
35.84439,129.21736,secondary,16,,
35.84469,129.20705,tertiary,19,,
35.8418,129.21692,primary,22,4,
36.12867,128.11823,secondary,15,2,
36.13435,128.1176,tertiary,17,4,60
36.11962,128.12743,primary,17,,20
36.56337,128.70274,tertiary,12,3,60
36.56609,128.71152,tertiary,7,3,60
36.56669,128.72071,tertiary,8,,60
36.10595,128.41967,secondary,16,4,60
36.09633,128.42927,secondary,14,,60
36.10819,128.41756,secondary,10,,60
36.82492,128.62989,secondary,13,,
36.81803,128.62116,primary,15,,
36.82699,128.6185,primary,12,,
35.96047,128.93279,tertiary,8,,30
35.93136,128.87284,secondary,10,4,50
35.96329,128.93409,tertiary,11,,50
36.41584,128.15121,primary,15,2,100
36.41567,128.15937,secondary,9,2,
36.41837,128.15109,primary,10,4,100
36.58668,128.19196,secondary,14,,50
36.59516,128.00426,secondary,17,,
36.5905,128.21305,secondary,6,2,
35.83656,128.75343,secondary,8,,30
35.83412,128.74756,secondary,8,,
35.83949,128.7574,secondary,18,,
36.09832,128.66534,secondary,26,,70
36.23174,128.56368,primary,10,,
36.35144,128.46688,primary,26,,70
36.35639,128.69415,secondary,11,6,
36.35959,128.68554,primary,10,2,
36.29068,128.90567,primary,3,,
36.66274,129.11318,tertiary,15,2,
36.66578,129.11435,secondary,17,2,
36.66236,129.12218,secondary,13,,
36.35752,129.38041,primary,17,4,
36.53903,129.40662,tertiary,20,,
36.35869,129.3848,secondary,10,2,
35.65038,128.75068,motorway,12,2,110
35.64234,128.74467,secondary,7,,
35.6513,128.72043,primary,4,,
35.69539,128.2551,secondary,1,,
35.72935,128.27141,primary,16,,
35.72522,128.26744,primary,10,,
35.91787,128.29205,primary,15,,
35.91819,128.28676,primary,11,,
35.91774,128.27829,primary,5,,
36.08036,128.41065,primary,13,,60
35.98735,128.39931,secondary,10,,
35.9962,128.39911,tertiary,12,,
36.6507,128.45685,secondary,17,6,
36.65518,128.4558,secondary,15,4,
36.65742,128.46497,secondary,8,3,60
36.89033,128.74053,secondary,21,,
36.90724,128.77277,secondary,2,,
37.1011,129.37252,secondary,16,,
36.95011,129.39154,primary,6,,
37.09883,129.37255,tertiary,24,,
35.24164,128.65182,primary,16,,
35.18038,128.5599,secondary,13,,
35.26118,128.62752,primary,16,,
35.19417,128.08825,tertiary,24,,
35.19304,128.08443,tertiary,24,,
35.15911,128.10773,trunk,19,2,
34.84192,128.41919,tertiary,12,,
34.84317,128.42275,tertiary,7,4,40
34.8462,128.42396,tertiary,10,4,
34.9387,128.07973,secondary,15,,
34.9291,128.07441,primary,12,,
34.93176,128.07705,primary,12,1,
35.23222,128.8653,tertiary,10,,
35.22803,128.88396,secondary,6,,
35.24249,128.90403,secondary,10,,
35.48559,128.75695,secondary,12,,
35.50223,128.7455,primary,13,,
35.48316,128.75261,primary,13,,
34.88997,128.62403,tertiary,18,1,
34.88723,128.62456,primary,17,,
34.89268,128.62925,primary,10,,
35.3511,129.04106,secondary,14,,
35.38089,129.15499,secondary,17,,
35.41082,129.16524,secondary,22,,
35.31695,128.26217,primary,12,,
35.4298,128.34131,primary,3,2,60
35.46424,128.3128,secondary,13,2,
35.27731,128.40465,primary,7,4,
35.28029,128.40321,primary,14,4,
35.29192,128.39734,primary,3,4,
35.5428,128.49235,primary,4,,
35.54279,128.48953,primary,13,,
35.42588,128.64833,secondary,14,2,
34.97394,128.32541,secondary,16,,
34.97807,128.32638,tertiary,5,,
35.05665,128.36855,secondary,7,,
34.83815,127.89412,tertiary,12,,
34.78163,127.96149,primary,6,,
34.84206,127.89393,tertiary,13,,
35.07066,127.75214,tertiary,20,,
35.02636,127.90393,secondary,15,,
34.97918,127.79501,primary,16,4,70
35.42008,127.8798,primary,29,2,20
35.30344,127.97245,primary,19,,
35.41672,127.87737,tertiary,14,,
35.5205,127.72763,tertiary,21,,
35.51461,127.72921,primary,22,2,
35.51929,127.72269,secondary,39,2,
35.68334,127.91182,secondary,16,,
35.68155,127.91699,primary,9,,
35.68516,127.91712,secondary,14,,
35.56711,128.16117,tertiary,12,,
35.56695,128.15857,tertiary,10,,
35.56762,128.17034,trunk,9,,
33.49951,126.52997,secondary,12,,50
33.48673,126.47865,secondary,19,7,
33.50073,126.52915,secondary,19,,50
33.2532,126.56109,secondary,19,,
33.24761,126.56198,secondary,17,2,
33.24863,126.56781,secondary,15,2,
37.57486,126.97721,primary,19,4,50
37.57302,127.01568,primary,24,3,60
37.57066,127.00943,primary,34,6,60
37.56447,126.97812,primary,29,8,60
37.53304,127.00707,primary,24,2,
37.53413,126.98797,primary,17,,
37.54424,127.0352,primary,22,4,
37.55148,127.04466,trunk,30,6,80
37.55649,127.07915,primary,18,5,
37.53675,127.0843,primary,43,4,50
37.57896,127.04135,primary,21,4,60
37.57172,127.07142,secondary,15,,
37.58131,127.08042,primary,17,,50
37.5807,127.08852,secondary,35,,
37.5992,127.10044,primary,33,5,
37.60297,127.02488,trunk,15,6,70
37.60385,127.03216,trunk,26,8,70
37.59268,127.01653,primary,33,6,
37.65671,127.03956,primary,14,4,30
37.65136,127.03638,primary,26,8,
37.66393,127.04275,primary,10,6,
37.61767,127.07571,trunk,22,4,70
37.64551,127.05694,trunk,17,6,
37.65478,127.06045,primary,20,8,50
37.59011,126.91726,secondary,25,,
37.61126,126.9173,primary,26,6,50
37.56635,126.96619,primary,32,8,60
37.55913,126.94207,secondary,31,,30
37.55521,126.9216,primary,17,6,
37.5413,126.94834,primary,15,5,
37.52112,126.85292,secondary,16,6,
37.55575,126.85272,primary,17,8,60
37.50785,126.88652,primary,12,,
37.49754,126.89174,primary,10,,
37.49441,126.84014,primary,21,,
37.47863,126.88899,primary,13,4,60
37.51877,126.91357,primary,26,8,
37.53537,126.89901,primary,15,,
37.51397,126.95634,trunk,13,4,80
37.50345,126.9482,primary,25,6,
37.48493,126.92966,primary,27,6,60
37.47834,126.95854,primary,19,6,60
37.46163,127.0373,trunk,13,3,50
37.50501,127.00113,primary,28,4,
37.48736,127.10173,primary,10,8,60
37.51613,127.0196,primary,23,8,
37.51892,127.0285,primary,28,6,
37.50522,127.10724,primary,32,6,50
37.51328,127.10023,primary,26,6,
37.53853,127.12404,primary,26,7,
37.5355,127.13366,primary,17,2,
35.09712,129.02575,primary,23,8,
35.11211,129.02145,secondary,17,,
35.11006,129.01796,primary,17,,
35.13796,129.0594,secondary,16,,
35.13276,129.053,trunk,23,4,
35.11929,129.042,primary,25,3,
35.09265,129.03837,secondary,17,6,
35.07546,129.06822,secondary,7,2,
35.15449,129.0592,primary,20,4,30
35.20407,129.07886,trunk,33,10,80
35.19834,129.09678,primary,17,,
35.13592,129.09184,secondary,21,3,
35.13689,129.06808,trunk,26,2,60
35.23474,129.01221,trunk,9,,
35.21141,129.01073,primary,17,,30
35.17161,129.17521,secondary,18,6,
35.10014,128.99324,primary,9,6,
35.08763,129.00429,trunk,17,8,
35.23119,129.08657,tertiary,11,,30
35.08902,128.88201,secondary,6,8,
35.18959,129.07403,primary,16,10,
35.19161,129.08025,secondary,10,4,
35.16196,129.11408,secondary,22,3,
35.15871,129.12102,secondary,22,4,50
35.14348,128.98801,secondary,24,,
35.25101,129.21709,primary,19,3,
35.24821,129.21388,primary,19,4,
35.8657,128.59217,secondary,18,6,70
35.86884,128.59696,residential,8,,
35.87683,128.62714,secondary,21,6,
35.8803,128.62694,secondary,30,6,
35.84019,128.57996,secondary,5,6,
35.85237,128.58251,secondary,16,2,
35.85632,128.58291,secondary,15,,
35.88633,128.60201,secondary,14,3,
35.85966,128.61765,secondary,14,10,60
35.84873,128.52637,primary,12,4,60
35.85971,128.46311,primary,13,4,60
35.85737,128.46561,primary,10,4,60
37.46443,126.63604,primary,14,,
37.49321,126.47991,trunk,13,3,
37.44955,126.62461,motorway,9,2,80
37.4729,126.63583,motorway,19,4,80
37.45787,126.68948,primary,13,,
37.46379,126.66932,primary,15,,
37.42477,126.66917,secondary,18,4,
37.40349,126.67902,secondary,11,6,60
37.41367,126.6757,secondary,13,10,
37.46162,126.72026,primary,17,,
37.46705,126.70806,primary,31,4,
37.44976,126.70768,secondary,16,8,
37.49856,126.72233,secondary,20,,
37.48732,126.72942,primary,17,7,50
37.52547,126.72223,primary,7,,
37.53411,126.73414,secondary,6,6,
37.55224,126.67718,secondary,4,10,60
37.60211,126.65774,secondary,15,6,60
37.74276,126.49229,primary,6,4,
37.74501,126.48796,secondary,15,2,
35.15019,126.91542,secondary,12,,
35.15479,126.93194,primary,14,4,60
35.15069,126.85564,primary,18,4,60
35.15388,126.85304,tertiary,9,4,
35.13459,126.90999,primary,18,4,60
35.17309,126.91235,secondary,26,,
35.17302,126.88472,primary,25,4,60
35.18193,126.87293,primary,22,4,60
35.21419,126.84593,tertiary,16,4,
35.18371,126.81889,secondary,15,5,60
36.35071,127.44143,secondary,24,6,70
36.31698,127.45635,primary,20,4,
36.32861,127.40505,primary,22,4,60
36.32248,127.41244,primary,10,8,60
36.33384,127.39864,primary,16,4,70
36.34928,127.37709,primary,21,4,70
36.35193,127.37653,tertiary,12,4,
36.35408,127.34051,primary,20,10,70
36.35754,127.33178,primary,26,4,
36.35334,127.32986,secondary,17,4,60
36.35574,127.44474,secondary,18,4,
36.35902,127.42541,secondary,16,3,70
35.55271,129.32186,secondary,13,,60
35.55587,129.30956,primary,10,6,50
35.5377,129.32897,secondary,18,,60
35.4969,129.4277,secondary,10,,
35.53915,129.4268,secondary,11,3,40
35.50914,129.42585,tertiary,7,,
35.55696,129.35947,secondary,10,,70
35.62545,129.35104,secondary,15,,70
35.5651,129.12483,tertiary,9,,
35.56382,129.12761,motorway,21,3,100
36.60315,127.30509,primary,25,3,60
36.49115,127.25649,tertiary,18,4,50
37.26648,127.00087,primary,30,,
37.26438,127.03281,tertiary,16,8,60
37.2594,126.97357,secondary,12,3,
37.43975,127.12783,primary,23,5,
37.73857,127.0478,secondary,37,4,50
37.39171,126.95069,tertiary,11,8,60
37.40305,126.95708,primary,17,,
37.50571,126.75326,tertiary,9,5,50
37.48634,126.77683,primary,21,8,
37.50395,126.76917,tertiary,11,,60
37.46256,126.87978,secondary,17,,50
36.99035,127.12164,primary,20,,
37.89915,127.06116,secondary,12,,
37.3288,126.78808,primary,18,2,
37.30171,126.86332,secondary,19,3,
37.65501,126.77605,primary,14,4,60
37.45991,127.03283,trunk,12,3,50
37.41744,126.9867,primary,9,,
37.59731,127.13672,tertiary,24,,
37.60084,127.13066,primary,25,5,60
37.61328,127.17136,primary,22,9,60
37.71441,127.18254,secondary,17,6,
37.65727,127.30271,tertiary,10,,
37.14866,127.0782,secondary,13,4,50
37.14897,127.06852,secondary,20,4,
37.35006,126.73943,tertiary,11,4,
37.42878,126.77395,secondary,10,,
37.43982,126.78691,primary,21,,
37.35913,126.93436,tertiary,16,,
37.36121,126.93263,tertiary,19,6,
37.35527,126.94672,primary,20,4,60
37.3475,126.98442,trunk,8,,90
37.3929,126.98682,primary,8,5,
37.53961,127.21116,primary,36,8,
37.32421,127.10305,motorway,40,4,110
37.23552,127.20877,primary,20,,
37.73514,126.75887,primary,10,,
37.25282,127.48905,primary,8,,
37.00755,127.26955,secondary,12,,
37.59975,126.77173,primary,17,2,70
37.6444,126.66991,tertiary,17,6,
37.20709,127.07494,primary,27,4,60
37.20931,127.09882,secondary,10,,60
37.41602,127.25046,secondary,13,4,
37.40642,127.2611,primary,20,6,70
37.83703,127.06896,residential,6,,
37.8403,127.06329,secondary,16,,
37.82744,127.14886,primary,11,,
37.82389,127.14261,primary,6,4,60
37.30079,127.64989,secondary,8,4,50
37.28643,127.61908,trunk,15,2,80
37.2025,127.54778,secondary,14,,
38.03004,127.06774,tertiary,14,,
38.01108,127.06696,primary,3,6,
37.82071,127.51349,primary,24,4,
37.71956,127.40283,primary,6,2,
37.74077,127.42262,primary,16,2,
37.54407,127.32013,secondary,21,4,30
37.87113,127.7253,tertiary,14,,
37.88044,127.72781,tertiary,15,,
37.34774,127.93314,tertiary,22,4,
37.344,127.93195,tertiary,29,3,
37.34552,127.92904,tertiary,27,3,60
37.75778,128.89175,tertiary,17,,
37.51525,129.10423,primary,15,4,
37.52607,129.10486,primary,7,6,60
37.53878,129.10193,tertiary,15,,
37.17153,128.99414,primary,11,,60
38.19855,128.57261,primary,13,4,
38.18979,128.59356,primary,17,4,40
37.44178,129.17832,primary,8,,
37.70187,127.85213,primary,7,,
37.7038,127.69405,secondary,6,,
37.48994,127.9865,tertiary,25,,
37.45147,128.07272,secondary,19,,
37.49481,127.98125,secondary,15,4,60
37.18143,128.46987,primary,16,4,
37.36594,128.3956,primary,16,4,
37.68635,128.6959,secondary,5,2,60
37.22637,128.81517,secondary,18,,60
37.25416,128.7792,trunk,11,,80
38.07182,127.52345,primary,17,,
38.09122,127.99665,primary,14,,
38.10425,127.99171,tertiary,24,,
38.24807,128.56741,primary,13,4,80
38.37973,128.4743,primary,16,4,80
38.10748,128.63398,primary,11,4,30
38.07293,128.63457,primary,5,4,60
38.15424,128.608,primary,5,4,70
36.62548,127.43077,secondary,22,7,30
36.62704,127.49045,secondary,12,4,
36.97304,127.93443,tertiary,37,4,60
36.98015,127.91465,secondary,14,6,
37.13563,128.21223,tertiary,9,4,
37.13543,128.20922,tertiary,15,4,
37.1306,128.20467,primary,16,4,
36.49171,127.73027,trunk,13,,
36.41941,127.73138,primary,4,,
36.30982,127.56097,primary,15,4,
36.30693,127.57308,secondary,25,,
36.17116,127.77405,primary,16,,
36.78817,127.58687,primary,12,4,
36.7865,127.58108,primary,16,,
36.7855,127.57768,primary,9,,
36.86095,127.43864,primary,15,2,60
36.86253,127.45126,primary,10,2,60
36.8083,127.79412,primary,20,,60
36.79759,127.78362,primary,10,3,80
36.96716,127.48714,tertiary,11,,
36.90862,127.54227,secondary,9,6,
36.98224,128.36908,primary,16,4,50
36.98481,128.36933,primary,14,4,50
36.98605,128.37133,secondary,13,2,50
36.8333,127.13577,tertiary,10,2,40
36.82504,127.13807,secondary,17,3,60
36.82275,127.11196,secondary,18,3,80
36.47424,127.13764,secondary,19,,
36.44202,127.11957,secondary,17,4,80
36.34535,126.59927,primary,11,3,60
36.78188,127.00022,primary,29,6,
36.78394,127.01704,secondary,26,,50
36.77278,126.44179,primary,28,4,80
36.77736,126.44771,secondary,19,4,50
36.191,127.09358,primary,12,4,50
36.21375,127.12863,primary,11,3,
36.28166,127.24029,primary,11,4,
36.28238,127.24447,trunk,10,2,
36.90231,126.68431,trunk,27,2,80
36.89133,126.62595,secondary,21,,
36.10968,127.49108,primary,14,2,
36.10232,127.49985,primary,27,4,
36.27598,126.89923,secondary,10,,
36.27613,126.91277,secondary,14,4,
36.28401,126.9292,primary,10,4,
36.14402,126.59744,primary,11,3,
36.02025,126.73849,trunk,19,,
36.4279,126.71528,tertiary,10,,
36.44285,126.79515,trunk,17,,80
36.48371,126.79154,primary,6,,
36.73726,126.85751,primary,6,,
36.7104,126.83149,primary,6,2,80
36.67959,126.67395,secondary,5,3,70
36.7514,126.30227,tertiary,13,1,
36.59742,126.32455,primary,10,2,80
36.75451,126.29489,tertiary,13,,
35.81901,127.11374,tertiary,13,,
35.9755,126.73114,tertiary,15,,
35.96991,126.71578,tertiary,16,,
35.93535,126.96562,tertiary,14,,
35.93995,126.94722,tertiary,20,4,
35.96084,126.95797,residential,9,2,
35.56655,126.86077,primary,17,,
35.56171,126.85332,secondary,13,,
35.55982,126.85664,tertiary,7,,
35.40651,127.37639,primary,8,,
35.40928,127.37683,primary,21,,
35.4151,127.38638,primary,17,,
35.80253,126.8925,secondary,11,,
35.80354,126.89923,secondary,12,,
35.87927,127.15571,primary,5,,
35.85451,127.20914,primary,5,4,
35.79226,127.42659,primary,24,2,
35.94024,127.65879,primary,19,2,80
36.00788,127.66708,secondary,14,2,
35.62821,127.29828,primary,21,,
35.63172,127.29054,primary,7,4,
35.37131,127.14165,tertiary,14,,
35.36997,127.14025,tertiary,15,,
35.37675,127.14082,secondary,14,,
35.72838,126.73808,secondary,27,,
35.71871,126.73064,secondary,17,,
34.80591,126.42484,tertiary,14,6,
34.81136,126.41801,tertiary,12,,
34.80346,126.41973,secondary,16,4,
34.74985,127.67895,tertiary,14,7,
34.95812,127.51803,secondary,12,,
34.99576,126.71424,primary,15,,
35.0221,126.77512,trunk,12,,90
35.01618,126.71425,primary,9,8,60
34.93869,127.69806,secondary,17,6,
34.93179,127.74673,secondary,5,4,
35.31989,126.98515,secondary,20,,
35.27969,127.2971,secondary,18,4,
35.28275,127.14666,trunk,7,2,
34.60844,127.28844,primary,20,1,
34.60111,127.27874,tertiary,13,,
34.76794,127.08349,secondary,15,,
34.84704,127.34346,secondary,12,2,
34.7704,127.08013,secondary,11,,
35.05613,126.97416,trunk,17,3,60
35.05579,126.99027,tertiary,12,,
35.05575,126.98584,tertiary,8,,
34.65758,126.88629,trunk,8,,60
34.62378,126.7961,tertiary,2,,
34.62797,126.79089,trunk,7,2,
34.69761,126.7094,motorway,11,2,100
34.57094,126.59848,tertiary,12,,
34.5658,126.59421,secondary,9,,
34.72557,126.56894,secondary,14,2,
34.83422,126.69197,primary,2,4,
34.88791,126.68964,primary,6,,
34.81286,126.46022,tertiary,10,4,
34.90783,126.43066,primary,10,2,40
34.99595,126.48469,primary,2,4,
35.02096,126.53356,trunk,6,,
35.05989,126.5241,primary,13,,
35.27363,126.50383,primary,23,4,
35.27827,126.50309,secondary,9,,
35.29706,126.78009,tertiary,11,,
35.28783,126.78651,motorway,9,2,100
35.23554,126.82331,motorway,4,2,100
34.318,126.74772,secondary,7,,
34.32106,126.74533,primary,12,,
34.33665,126.72938,trunk,11,,
34.48183,126.25843,tertiary,12,,
34.86521,126.31205,primary,18,1,
36.01213,129.37112,primary,26,,
36.03477,129.36415,primary,22,4,50
35.84345,129.20706,tertiary,12,1,20
35.85524,129.20686,tertiary,22,2,
36.1245,128.11798,tertiary,34,,
36.12834,128.1182,secondary,16,2,
36.57199,128.69748,tertiary,7,3,60
36.56542,128.72646,tertiary,11,2,
36.10591,128.41971,secondary,19,4,60
36.11085,128.41749,primary,16,,60
36.12621,128.35719,secondary,18,4,60
36.80836,128.61165,primary,5,,
36.82617,128.61951,tertiary,16,,
36.82101,128.62577,secondary,12,,
35.9669,128.93129,secondary,8,2,
36.41589,128.16282,secondary,15,2,
36.66123,128.12423,trunk,4,2,60
36.60744,128.20619,tertiary,9,,30
35.82406,128.74213,secondary,15,,
35.82386,128.73739,primary,11,,
36.34943,128.69559,tertiary,3,6,
36.42178,128.6728,primary,10,,
36.28517,128.955,primary,6,,
36.52641,129.04436,primary,8,,60
36.66159,129.11272,secondary,17,2,
36.35699,129.38067,primary,13,4,
36.35883,129.38256,secondary,6,2,
36.60638,129.41118,primary,10,4,
35.64916,128.75102,motorway,11,2,110
35.64744,128.73774,secondary,9,,
35.65682,128.69683,trunk,9,,
35.70331,128.25219,primary,3,,
35.88262,128.37983,trunk,13,2,70
35.91795,128.27893,primary,6,,
36.07878,128.40172,primary,14,,60
35.99625,128.39911,tertiary,11,,
36.65038,128.44782,secondary,15,4,
36.93487,128.91277,tertiary,6,,
35.20463,128.57741,secondary,11,2,70
35.22269,128.68656,primary,8,,
35.18428,128.11728,tertiary,10,3,
35.18418,128.08855,residential,18,,
35.19326,128.0678,tertiary,22,,
34.85752,128.42854,tertiary,15,4,40
34.85997,128.42764,tertiary,18,6,
35.08029,128.08314,primary,6,,
35.22568,128.87442,primary,21,,
35.26062,128.86968,secondary,18,,
35.48575,128.7504,primary,9,,
35.488,128.7485,primary,12,,
34.88693,128.62386,primary,14,,
34.89193,128.62484,primary,31,3,70
35.32017,129.00711,tertiary,2,6,
35.33035,129.00641,primary,21,,50
35.41569,129.16869,secondary,18,,
35.3168,128.26134,primary,9,,
35.31402,128.25427,trunk,12,,
35.31759,128.28182,primary,16,1,
35.28091,128.40315,primary,15,4,
35.26202,128.34586,primary,13,,
35.3896,128.48189,tertiary,16,,
35.45705,128.52657,secondary,10,2,
34.97452,128.32193,secondary,22,2,
34.97401,128.32507,secondary,14,,
34.83348,127.89937,primary,12,,20
35.06772,127.74933,tertiary,15,,
34.99621,127.81144,primary,16,4,70
35.30153,127.96271,primary,16,,
35.52094,127.72995,tertiary,24,,
35.52156,127.73358,primary,28,,20
35.51538,127.72979,primary,14,2,
35.68501,127.91706,secondary,10,,
35.68771,127.92077,secondary,7,4,
35.68927,127.90922,secondary,18,,
35.56821,128.16333,primary,14,,
35.41434,128.12231,tertiary,21,,
33.49379,126.49223,secondary,13,6,
33.48976,126.49591,secondary,13,,
33.486,126.47959,secondary,17,7,
33.25271,126.56116,secondary,23,,
33.24739,126.56868,secondary,10,,
37.57022,126.97624,primary,34,8,60
37.55613,126.97268,primary,33,5,
37.56116,126.98164,primary,30,11,50
37.5345,126.99397,secondary,16,1,
37.5232,126.96224,primary,18,6,
37.53429,127.00695,primary,20,3,
37.5612,127.03546,primary,35,,10
37.54218,127.06404,primary,25,7,
37.60264,127.03248,trunk,29,3,70
37.60428,127.0252,trunk,32,6,70
37.64652,127.0335,primary,17,3,
37.6571,127.06664,secondary,22,,
37.59909,126.91572,primary,25,6,50
37.59169,126.94227,trunk,30,8,70
37.57172,126.95964,primary,18,8,50
37.56528,126.96634,primary,29,8,60
37.54432,126.9503,primary,48,5,
37.53603,126.82921,primary,20,4,
37.53035,126.87488,trunk,12,5,80
37.55482,126.85185,primary,18,8,
37.54167,126.84049,primary,20,6,
37.48668,126.87798,primary,16,3,
37.47699,126.89879,primary,12,4,60
37.49899,126.92822,primary,20,,
37.48194,126.94635,primary,29,8,60
37.50214,127.00349,primary,21,4,60
37.5083,127.03727,primary,11,,
37.51077,127.08589,primary,11,,
37.49329,127.11814,primary,14,7,50
35.0986,129.03584,primary,24,4,
35.11175,129.02268,secondary,16,,
35.1371,129.06357,secondary,18,8,
35.093,129.04487,trunk,24,,
35.09672,129.0609,secondary,9,,
35.15774,129.05782,primary,19,4,
35.2017,129.08395,primary,18,6,
35.21298,129.03659,trunk,26,,80
35.16193,129.17136,secondary,31,4,30
35.16948,129.17582,secondary,12,6,
35.10151,128.97648,primary,12,6,
35.21393,129.10532,secondary,19,,
35.23021,129.08964,secondary,7,1,30
35.23992,129.08792,trunk,23,,
35.21446,128.94811,primary,7,,
35.111,128.9325,primary,16,,70
35.15727,129.1131,secondary,18,,
35.18624,128.99101,trunk,13,,30
35.23599,129.21785,secondary,21,,
35.24113,129.21661,tertiary,12,1,
35.86644,128.58764,secondary,8,5,70
35.88116,128.61413,secondary,13,,
35.87964,128.57139,secondary,8,,
35.84151,128.60631,trunk,12,8,
35.89764,128.61499,primary,20,6,
35.94155,128.5634,secondary,18,,
35.85929,128.62401,secondary,9,10,
35.85884,128.6358,secondary,19,10,
35.8375,128.53692,secondary,14,,
35.87371,128.49741,secondary,14,,
37.4582,126.63028,motorway,10,2,80
37.49392,126.4905,tertiary,28,6,
37.47674,126.63329,motorway,26,3,80
37.47329,126.63698,motorway,17,4,80
37.45848,126.68014,primary,9,,
37.45782,126.69016,primary,11,,
37.46219,126.64288,primary,35,,
37.42322,126.69819,secondary,11,10,
37.42593,126.6989,secondary,21,,
37.41375,126.68475,secondary,19,4,
37.45488,126.73337,primary,16,6,
37.50738,126.72068,secondary,15,,
37.53068,126.72255,secondary,20,2,
37.54324,126.72855,secondary,15,8,
37.52461,126.72219,motorway,13,3,
37.50633,126.67237,secondary,15,,
37.56572,126.67755,secondary,21,2,30
35.14411,126.92581,primary,22,4,60
35.16241,126.85589,trunk,24,4,80
35.11168,126.89604,trunk,38,5,90
35.11804,126.89875,primary,23,,50
35.17431,126.91275,secondary,37,2,30
35.13727,126.79231,secondary,16,,
36.3265,127.42715,secondary,17,4,
36.32584,127.39485,secondary,17,4,70
36.35871,127.37939,primary,26,4,70
36.35509,127.33672,primary,10,,
36.34833,127.41597,primary,23,4,70
36.35618,127.40533,trunk,22,3,70
36.36147,127.43161,secondary,18,4,
35.56854,129.34351,secondary,19,,60
35.54875,129.30806,primary,29,5,60
35.53905,129.42796,secondary,8,3,40
35.62665,129.3538,tertiary,11,,
35.57056,129.35678,secondary,18,,60
35.56265,129.12579,primary,13,3,
35.43949,129.30601,tertiary,14,,
36.49867,127.25683,tertiary,20,4,50
36.4924,127.25639,tertiary,13,3,50
37.26687,127.00188,primary,26,,
37.73759,127.04284,tertiary,33,4,
37.7457,127.05515,primary,20,6,50
37.40217,126.97667,primary,12,4,
37.38999,126.94931,tertiary,6,4,
37.37029,126.95795,primary,19,,
37.50579,126.75222,,0,,
37.50068,126.77599,tertiary,15,4,60
36.99118,127.12129,,0,,
37.90041,127.05411,unclassified,5,2,
37.33645,126.81165,tertiary,13,,
37.45238,127.00174,primary,12,,
37.59325,127.19842,primary,18,4,80
37.6523,127.29964,,0,,
37.14274,127.0735,primary,20,3,
37.14882,127.07362,primary,13,4,50
37.3535,126.72561,tertiary,13,4,
37.37236,126.94288,tertiary,24,8,
37.35148,126.94477,primary,12,3,20
37.34952,126.97321,primary,13,,
37.55043,127.18669,primary,31,8,
37.56668,127.1843,secondary,8,,
37.27167,127.10569,primary,15,3,50
37.26985,127.09998,trunk,12,3,80
37.76444,126.77439,secondary,25,,
37.72897,126.73795,secondary,13,1,
37.24813,127.49147,primary,21,,
37.00257,127.26797,secondary,20,,60
37.0104,127.21957,trunk,15,,80
37.64426,126.62572,tertiary,6,2,
37.61927,126.72003,secondary,21,,
37.21303,127.0381,primary,13,,
37.2079,127.0351,primary,18,2,40
37.41417,127.26107,secondary,18,6,
37.36039,127.15039,primary,23,3,
37.81964,127.04693,secondary,13,,
37.80222,127.07563,trunk,11,6,80
37.89777,127.20487,primary,10,2,70
37.8236,127.14136,primary,10,6,60
37.82678,127.14836,primary,10,,
37.28894,127.63523,tertiary,22,6,
37.29382,127.6294,secondary,5,4,
37.30047,127.64968,secondary,7,4,50
38.02844,127.06561,primary,11,6,
37.98516,127.07044,secondary,9,2,
37.82822,127.51449,primary,19,,
37.73981,127.42116,primary,20,2,
37.50932,127.45033,trunk,26,4,
37.49574,127.48447,secondary,14,4,
37.87798,127.72478,tertiary,10,6,
37.34712,127.93258,tertiary,17,4,
37.74091,128.89149,primary,2,2,
37.75474,128.88185,tertiary,18,,
37.52543,129.10437,primary,9,6,60
37.53874,129.10196,tertiary,15,,
37.18087,128.97847,trunk,21,,60
38.19736,128.57619,primary,8,4,
38.19267,128.57852,primary,17,4,
38.18974,128.58088,primary,13,4,
37.44104,129.16373,tertiary,10,,
37.4615,129.15605,primary,11,,
37.69056,127.89907,trunk,10,4,80
37.77074,127.96727,secondary,4,,30
37.76339,127.95482,trunk,12,2,80
37.48586,127.98398,tertiary,16,,50
37.49101,127.98785,tertiary,24,,
37.48197,127.98147,trunk,12,,50
37.18829,128.55183,trunk,7,2,
37.63601,128.55757,primary,13,4,
37.43622,128.42091,primary,7,,
37.22674,128.79822,trunk,8,2,60
38.15807,127.31019,primary,11,4,
38.25854,127.28245,secondary,2,2,
38.05578,127.807,secondary,5,2,
38.07025,127.52238,primary,31,,
38.10234,127.70856,secondary,15,2,
38.10748,127.98938,tertiary,22,,
38.09638,127.98916,primary,10,,
37.9918,128.10621,trunk,5,4,80
38.18668,128.30791,trunk,7,,70
38.26088,128.55583,primary,18,4,80
38.24382,128.56935,primary,11,4,80
38.12963,128.622,primary,8,4,70
36.63491,127.46021,secondary,22,4,50
36.66411,127.48696,secondary,20,4,
36.97369,127.93026,secondary,11,4,60
37.12831,128.21124,,0,,
36.48948,127.72195,primary,10,2,
36.48548,127.71168,primary,13,,
36.30083,127.56489,primary,14,4,
36.29246,127.56838,primary,12,4,
36.1737,127.77393,primary,26,3,
36.17082,127.77531,primary,17,,
36.91191,127.50551,secondary,10,,
36.98902,127.44392,tertiary,18,2,60
36.97004,127.48265,secondary,8,,
37.02624,128.30972,primary,11,3,80
37.03357,128.30313,primary,8,,60
36.83251,127.13569,living_street,6,2,40
36.82659,127.13835,secondary,17,3,60
36.34853,126.60445,primary,19,3,60
36.3459,126.60178,primary,8,3,60
36.23293,126.59867,primary,7,,
36.78106,127.00557,primary,19,6,
36.78411,127.01613,secondary,29,,50
36.7699,126.47229,primary,14,3,80
36.77718,126.45177,secondary,12,4,50
36.77702,126.46163,secondary,10,4,50
36.20912,127.08127,secondary,15,2,50
36.10467,127.489,primary,5,,
36.10966,127.49107,primary,14,2,
36.11443,127.4936,primary,11,2,
36.27617,126.91585,secondary,13,4,
36.30875,126.85312,secondary,9,,
36.00722,126.70788,trunk,8,,70
36.03318,126.6724,secondary,8,,
36.44278,126.79746,trunk,17,,80
36.46106,126.79761,primary,11,,
36.6013,126.67115,tertiary,9,,
36.59969,126.6657,tertiary,20,,
36.60485,126.66232,tertiary,17,2,60
36.70564,126.66993,residential,9,1,
36.73897,126.8587,trunk,15,,80
35.81193,127.12464,tertiary,17,4,
35.83609,127.12449,tertiary,20,8,
35.81775,127.12302,tertiary,19,10,
35.96399,126.71568,tertiary,18,,
35.96696,126.7157,tertiary,12,,
35.55723,126.86572,secondary,9,,
35.55983,126.86751,secondary,6,,
35.58346,126.85221,secondary,10,,
35.4065,127.37639,primary,8,,
35.41524,127.38628,primary,20,,
35.39931,127.37929,secondary,11,,
35.8041,126.89572,secondary,12,,
35.91159,127.07429,secondary,7,,80
35.92106,127.10484,secondary,4,2,60
35.91532,127.06749,motorway,12,2,100
35.79143,127.42716,primary,21,2,
35.78626,127.42243,primary,17,2,
35.64768,127.51855,tertiary,8,,
35.67831,127.26738,primary,16,,
35.37661,127.14079,secondary,14,,
35.36461,127.14238,primary,13,2,
35.37114,127.14174,tertiary,10,,
35.43334,126.69238,primary,11,2,
35.51394,126.69025,primary,3,,
35.72642,126.73729,secondary,21,,15
35.72961,126.73725,secondary,35,,
35.72649,126.73222,secondary,34,,
34.80695,126.42701,tertiary,13,6,
34.81585,126.42014,tertiary,15,,
34.80986,126.42495,tertiary,12,6,
34.76141,127.66296,tertiary,18,6,50
34.76645,127.66278,tertiary,22,4,70
34.95376,127.52017,primary,25,,
34.94559,127.5017,secondary,44,,
34.97531,126.72864,trunk,10,,90
35.04643,126.83766,secondary,9,,60
35.0136,126.79558,tertiary,7,,
34.93943,127.68917,secondary,16,6,
35.31959,126.97972,primary,12,,
35.30943,126.98123,primary,17,4,50
35.28267,127.14566,trunk,9,2,
35.3009,127.29953,trunk,9,1,
35.20762,127.46456,secondary,17,2,
35.20553,127.46801,primary,12,1,
35.20995,127.47319,primary,11,,
34.52831,127.14061,primary,23,,
34.77748,127.09033,secondary,25,,
34.776,127.15627,primary,8,4,
35.06332,126.97943,secondary,23,,
35.01138,127.08283,secondary,3,,
34.67646,126.90963,secondary,20,4,
34.68338,126.9032,primary,7,,50
34.67305,126.90492,primary,8,2,50
34.62858,126.79008,trunk,7,2,
34.64025,126.77744,primary,8,4,
34.57165,126.60026,tertiary,23,,
34.57095,126.60718,secondary,23,,
34.56521,126.60203,secondary,9,,
34.73571,126.51069,trunk,7,4,
34.74541,126.46698,secondary,20,,
34.79953,126.70245,secondary,13,4,
34.80974,126.45948,tertiary,14,4,
34.8144,126.45644,tertiary,13,,
35.05658,126.54287,secondary,4,,
35.11105,126.6089,primary,8,,
35.01919,126.52788,trunk,9,,
35.27605,126.50106,primary,14,4,
35.27725,126.5049,secondary,13,4,
35.27309,126.50271,primary,22,4,
35.29237,126.78039,primary,12,2,
35.29425,126.76354,primary,12,,
34.3149,126.75778,secondary,6,2,
34.3159,126.75376,secondary,10,,
34.48121,126.26272,tertiary,12,,
34.47814,126.26388,primary,15,1,
34.83765,126.35372,primary,3,,
35.05806,126.20551,primary,7,,
36.03279,129.36603,primary,23,4,50
36.01013,129.34806,primary,21,3,50
35.8445,129.21394,tertiary,9,3,
35.83831,129.20266,primary,23,6,
36.12104,128.11833,tertiary,10,,
36.56336,128.72453,tertiary,7,3,60
36.14064,128.3097,motorway,21,4,100
36.8222,128.62436,primary,7,,
36.81414,128.61886,primary,22,2,20
36.81867,128.62779,secondary,11,,
35.93124,128.87227,secondary,12,4,50
35.9347,128.87018,trunk,12,4,
36.40845,128.15078,primary,5,2,100
36.5874,128.19263,secondary,15,,50
36.61088,128.24174,trunk,4,2,80
36.73886,128.14252,secondary,7,,
36.24102,128.56843,primary,8,2,45
36.34958,128.69719,secondary,7,6,
36.30801,128.60121,primary,6,,
36.36008,129.37906,primary,15,4,
36.35974,129.38395,tertiary,9,2,
35.71582,128.91454,primary,14,,
35.75116,128.36607,tertiary,6,,
35.88183,128.37316,trunk,14,2,70
35.91364,128.28471,secondary,8,,
36.07845,128.40084,primary,12,,60
36.63887,128.4538,trunk,16,2,
35.22108,128.68491,tertiary,11,,
35.25515,128.61323,secondary,11,,
35.15208,128.66543,primary,4,,
35.19565,128.07669,secondary,32,,
35.17952,128.10704,tertiary,7,3,
34.85879,128.42874,tertiary,13,2,
34.86023,128.4248,tertiary,21,6,
35.07996,128.08625,secondary,13,,
34.94214,128.08062,secondary,17,1,
35.23454,128.86674,tertiary,8,,
35.26071,128.87078,secondary,17,,
35.46973,128.76272,primary,23,4,
35.50129,128.74162,primary,17,,
34.89165,128.6231,primary,25,3,70
34.88792,128.62614,tertiary,16,,
34.86501,128.69031,tertiary,13,,
35.3436,129.03414,primary,19,8,80
35.33725,129.02743,residential,10,,
35.41422,129.17052,tertiary,24,,
35.4661,128.32452,tertiary,17,2,
35.37944,128.32746,primary,2,2,60
35.31582,128.25852,primary,10,,
35.27891,128.40365,primary,5,4,
35.3073,128.51764,secondary,12,,
35.5428,128.49522,primary,6,,
34.97396,128.3258,secondary,14,,
34.83981,127.894,tertiary,15,,
34.8352,127.89476,tertiary,11,,
35.11649,127.89645,primary,8,,
35.26321,127.89791,primary,3,,
35.42023,127.86909,primary,3,,
35.5205,127.72761,tertiary,21,,
35.51458,127.72925,primary,21,2,
35.68613,127.91653,secondary,10,,
35.68259,127.91217,secondary,26,2,
35.68289,127.9058,secondary,14,,
35.55602,128.16193,primary,11,2,
35.41268,128.12141,tertiary,12,,
33.49008,126.4866,secondary,9,6,
33.50548,126.4963,tertiary,30,,
33.24955,126.57131,secondary,11,,
37.57018,126.97707,primary,22,8,60
37.56601,126.98356,primary,27,5,60
37.54437,126.97222,primary,20,4,50
37.54424,127.03555,primary,20,4,
37.55202,127.04434,trunk,28,6,80
37.54831,127.06751,primary,27,3,
37.57558,127.02327,primary,44,4,60
37.59731,127.09294,primary,22,,50
37.58848,127.0062,primary,35,6,
37.66693,127.04422,primary,18,4,50
37.6531,127.05519,trunk,9,6,50
37.6104,126.92877,primary,19,3,50
37.59111,126.9417,trunk,31,8,70
37.5726,126.95983,primary,16,8,50
37.56003,126.94001,primary,21,,
37.55465,126.93637,primary,42,4,20
37.51707,126.83947,primary,23,7,
37.55858,126.83828,primary,25,7,60
37.47939,126.88996,primary,17,2,
37.48179,126.88669,primary,16,4,60
37.46652,126.89776,primary,18,4,50
37.46887,126.90238,secondary,17,4,60
37.53643,126.89839,primary,27,,
37.51703,126.90637,primary,18,,50
37.5038,126.9479,primary,22,6,
37.51362,126.95614,trunk,17,4,80
37.46221,127.03801,trunk,15,3,50
37.49371,127.01374,primary,23,,
37.4649,127.04203,trunk,25,3,50
37.52436,127.04829,secondary,17,,60
37.50262,127.04283,primary,20,4,
37.52561,127.1177,primary,14,8,50
37.53866,127.12346,primary,25,7,
37.53575,127.13553,primary,14,2,
35.10503,129.03628,primary,20,4,
35.09956,129.02483,secondary,27,,
35.11587,129.01751,secondary,15,,
35.10336,129.02002,primary,17,2,
35.15022,129.05923,trunk,23,4,70
35.20791,129.06977,trunk,15,,80
35.13734,129.09994,secondary,18,5,
35.23485,129.01223,trunk,9,,
35.16365,129.15893,secondary,11,1,20
35.18436,129.11799,trunk,12,1,80
35.19362,129.11748,secondary,17,4,50
35.09908,128.9869,primary,10,6,20
35.21504,129.10719,secondary,13,,
35.22978,129.09237,primary,10,,
35.24432,129.0909,secondary,22,,
35.09715,128.9234,secondary,11,,
35.18452,129.10719,secondary,12,2,
35.19355,129.07971,primary,9,4,
35.17134,129.10948,trunk,28,,50
35.15178,128.97631,trunk,12,2,70
35.24683,129.21685,tertiary,13,1,
35.23785,129.21338,secondary,9,,
35.24179,129.21665,tertiary,10,1,
35.86459,128.59821,secondary,16,8,
35.86827,128.59988,secondary,6,,
35.88122,128.63741,primary,18,6,
35.88971,128.64225,secondary,8,,
35.89316,128.59351,trunk,12,2,80
35.8141,128.52409,primary,3,4,60
35.85746,128.46496,primary,12,4,60
35.87474,128.49721,secondary,17,,
37.45364,126.62726,motorway,7,2,80
37.45082,126.68987,secondary,10,8,
37.41367,126.67681,secondary,11,10,
37.42623,126.69893,secondary,19,,
37.50696,126.73132,secondary,32,2,
37.54744,126.74068,secondary,19,4,30
37.59364,126.67418,secondary,16,10,60
37.59894,126.65083,secondary,24,5,60
37.62727,126.53213,primary,20,,
37.74437,126.48743,secondary,13,2,
35.14057,126.92206,primary,19,2,
35.14195,126.91918,tertiary,29,,
35.14521,126.91733,tertiary,18,,
35.13502,126.91702,primary,18,4,60
35.11857,126.89895,primary,18,,50
35.15927,126.8994,tertiary,27,,
35.17094,126.92254,primary,23,,60
35.17986,126.81844,secondary,22,6,60
36.3516,127.4415,secondary,27,6,70
36.33341,127.43885,secondary,28,6,70
36.31694,127.45731,primary,12,4,
36.31823,127.41765,primary,20,4,
36.34154,127.38926,primary,18,4,70
36.36432,127.33821,primary,27,4,70
36.35849,127.41444,primary,15,4,70
36.35902,127.42696,secondary,19,3,70
36.35674,127.40517,trunk,22,3,70
35.5687,129.34402,secondary,19,,60
35.55801,129.31187,primary,15,6,50
35.53217,129.43297,secondary,4,,
35.62706,129.35351,tertiary,10,,
35.55694,129.36016,secondary,14,,70
35.63033,129.35122,tertiary,27,,
35.56984,129.12794,primary,14,3,
35.4296,129.30682,tertiary,15,,
35.4361,129.31047,residential,14,,
36.49971,127.24052,trunk,23,3,
37.26371,127.03253,tertiary,12,8,60
37.25997,127.02384,primary,23,3,
37.74372,127.05151,tertiary,34,4,50
37.39868,126.93454,primary,13,7,
37.50382,126.76299,tertiary,15,4,60
37.50605,126.74859,motorway,11,4,100
37.46195,126.88028,secondary,21,,50
37.4735,126.86735,secondary,12,6,60
37.06669,127.06322,primary,13,4,70
36.99189,127.08669,secondary,24,,
37.05739,127.05924,secondary,25,,
37.8995,127.06397,secondary,6,4,50
37.66311,126.76752,secondary,16,2,30
37.67683,126.74581,primary,21,7,60
37.42426,126.99743,trunk,21,4,90
37.59473,127.17332,trunk,24,7,80
37.70981,127.18432,secondary,29,6,60
37.14939,127.06447,primary,15,4,
37.34629,126.73575,tertiary,12,4,
37.34484,126.74791,tertiary,18,2,
37.56195,127.19337,secondary,36,,
37.56757,127.19088,secondary,12,,
37.53903,127.21244,primary,29,8,
37.32463,127.10228,motorway,26,4,110
37.32336,127.09613,secondary,16,2,
37.75743,126.77457,tertiary,20,,
37.70692,126.75929,trunk,20,3,60
37.85762,126.78502,secondary,18,,
37.00511,127.26822,secondary,19,,
37.0084,127.265,secondary,13,2,40
37.60044,126.77212,primary,17,2,70
37.40713,127.26015,tertiary,22,6,70
37.82195,127.04897,secondary,12,,
37.20274,127.54726,secondary,15,,
37.28678,127.61963,trunk,16,2,80
38.03015,127.07091,tertiary,13,2,
37.6981,127.38446,primary,7,,70
37.74728,127.42798,primary,8,4,60
37.4908,127.49775,secondary,37,,
37.86852,127.73045,tertiary,10,,
37.87626,127.73148,tertiary,13,1,50
37.33567,127.9299,tertiary,21,7,60
37.33206,127.94641,tertiary,31,,
37.54728,129.10722,tertiary,16,4,
37.17335,128.99386,primary,17,,60
37.14845,128.99194,primary,14,,40
38.21064,128.59358,secondary,25,4,20
38.19259,128.57858,primary,18,4,
37.38141,129.22551,tertiary,18,,
37.67904,127.85883,trunk,10,2,70
37.48753,127.98525,tertiary,21,,50
37.49101,127.98651,tertiary,22,,
37.51402,128.21262,primary,5,,
37.18091,128.46346,primary,25,2,
37.1787,128.47733,secondary,16,2,
37.67867,128.70035,motorway,14,2,100
37.3672,128.39553,primary,12,,
37.62028,128.37518,secondary,16,2,60
37.49462,128.84968,primary,5,2,30
38.20739,127.21866,primary,17,2,60
38.16377,127.41095,secondary,9,,
38.10908,127.6881,primary,5,,
38.11084,127.70844,secondary,3,,
38.11014,127.9873,tertiary,21,,
38.12185,128.20811,trunk,19,,80
38.07846,128.61606,trunk,10,2,80
38.07636,128.62414,tertiary,13,,40
36.6247,127.43045,secondary,23,7,30
36.6572,127.47483,secondary,11,4,
36.98333,127.93405,tertiary,19,6,
36.97373,127.92384,tertiary,12,6,60
36.98723,127.92838,tertiary,15,6,
37.13586,128.21145,tertiary,12,4,
37.13312,128.22238,primary,12,6,
36.30171,127.56464,primary,11,4,
36.29862,127.56672,primary,15,4,
36.22862,127.90909,secondary,5,,
36.87118,127.46871,primary,7,,
36.98984,127.44489,tertiary,16,2,60
36.91003,127.50767,secondary,15,,
36.80923,127.79462,primary,24,,60
36.80481,127.79211,primary,6,,60
36.96608,127.49009,secondary,10,,
36.93764,127.69141,secondary,19,,50
36.97759,128.35562,primary,11,4,30
36.83254,127.13406,tertiary,12,2,50
36.79796,127.13056,secondary,31,4,80
36.81877,127.15383,secondary,13,4,50
36.45859,127.12493,secondary,6,2,
36.47258,127.1342,secondary,9,,
36.35191,126.5918,secondary,7,,
36.78124,127.00034,primary,28,3,
36.78127,127.0045,primary,27,6,60
36.79716,127.10639,secondary,14,,
36.78218,126.45109,tertiary,10,2,40
36.77722,126.4508,secondary,8,4,50
36.20474,127.08475,secondary,11,4,
36.1024,127.49347,secondary,7,,
36.10277,127.49886,primary,19,,
36.28369,126.92296,secondary,19,4,
36.27411,126.9364,trunk,12,2,70
36.07539,126.68744,tertiary,15,2,
36.44002,126.79532,primary,9,,
36.44285,126.79519,trunk,17,,80
36.39851,126.94131,primary,7,,
36.65653,126.68198,secondary,14,3,60
36.59448,126.65424,tertiary,22,,20
36.70407,126.66806,tertiary,11,1,
36.65865,126.76661,primary,13,,70
36.75347,126.29809,tertiary,13,,
36.75108,126.30295,tertiary,10,1,
36.75688,126.29136,secondary,18,,
35.81696,127.10968,tertiary,12,,
35.81366,127.11268,secondary,12,4,
35.83013,127.14177,tertiary,26,4,
35.963,126.69251,tertiary,12,4,
35.95947,126.71569,tertiary,11,,
35.95932,126.9809,tertiary,10,6,60
35.95923,126.9768,tertiary,17,6,60
35.95838,126.97168,tertiary,9,6,60
35.5609,126.8683,primary,8,,
35.40074,127.37718,primary,12,,
35.40657,127.37522,primary,10,,
35.3969,127.37997,secondary,15,,
35.80922,126.89737,secondary,6,,
35.88089,127.15587,primary,7,,
35.93926,127.16812,residential,15,,
35.79308,127.34718,primary,9,,
35.79214,127.43019,primary,15,2,
36.01069,127.67564,primary,13,2,
35.91077,127.75954,primary,10,2,
35.86633,127.65433,secondary,4,,
35.65017,127.5142,primary,18,,
35.73059,127.58327,tertiary,10,,
35.67463,127.27003,tertiary,17,,
35.64973,127.28357,primary,7,,
35.63684,127.28202,primary,2,4,
35.37676,127.13976,secondary,12,,
35.372,127.14086,tertiary,12,,
35.37894,127.14136,secondary,11,,
35.43835,126.69264,primary,11,2,
35.43538,126.69248,primary,15,2,
35.45986,126.698,primary,2,4,
35.58795,126.67793,primary,6,,
34.8107,126.42526,tertiary,11,6,
34.80935,126.43203,secondary,16,,
34.75908,127.66565,tertiary,12,6,
34.74858,127.69953,tertiary,18,4,
35.03282,126.71947,tertiary,14,4,
35.04712,126.8419,tertiary,12,,
35.31507,126.98352,primary,27,3,80
35.30924,126.98206,primary,19,4,50
35.27267,126.97313,motorway,5,4,100
35.2753,127.13382,tertiary,15,,
35.19417,127.37544,primary,6,2,
35.22763,127.2269,primary,12,4,
35.20874,127.46454,secondary,16,2,
35.21068,127.47406,primary,10,,
35.21534,127.46464,secondary,17,,
34.60748,127.28399,secondary,13,,
34.52718,127.14073,secondary,21,,
35.05868,126.98166,secondary,24,,
35.05313,126.97238,trunk,10,,60
35.05566,126.97843,tertiary,23,,
34.67966,126.90531,primary,16,2,50
34.66736,126.89222,primary,6,,60
34.56984,126.59897,tertiary,18,,
34.56687,126.59537,tertiary,18,,
34.57095,126.60889,tertiary,10,,
34.80331,126.70061,secondary,13,4,
34.7245,126.56936,secondary,15,2,
34.79915,126.70262,secondary,12,4,
34.80974,126.4603,tertiary,12,4,
35.10906,126.31076,secondary,3,2,
34.98767,126.47837,primary,11,4,
35.17952,126.6257,secondary,8,2,
35.0223,126.53299,primary,9,2,
35.28027,126.49945,primary,10,2,
35.27795,126.50365,secondary,10,4,
35.2865,126.5059,primary,12,2,
35.29983,126.78162,tertiary,11,,
35.29252,126.77256,primary,10,,
35.30596,126.77797,secondary,4,,
34.31369,126.75672,secondary,16,2,
34.31839,126.7431,primary,11,,
34.48104,126.26371,tertiary,10,2,
34.48184,126.25844,tertiary,12,,
34.48263,126.2748,primary,19,,
35.06042,126.21131,primary,12,,
36.04042,129.36897,tertiary,15,,
36.01279,129.34341,primary,22,3,50
35.85147,129.21759,secondary,17,3,
36.12572,128.118,tertiary,24,,
36.13783,128.41756,primary,22,,60
36.11949,128.3595,secondary,9,4,60
36.12633,128.33745,secondary,12,4,30
35.93146,128.87552,secondary,11,2,
35.95288,128.93072,tertiary,7,,
36.41881,128.16273,tertiary,16,4,
36.59434,128.20159,tertiary,9,,
36.59509,128.19802,tertiary,8,,50
36.1128,128.57446,primary,4,,80
36.09977,128.66391,secondary,15,,50
36.35384,128.69451,secondary,9,6,
36.38518,128.43629,secondary,12,,
36.59731,129.08597,primary,7,,
36.66429,129.11756,secondary,13,,
36.26803,129.37433,primary,27,4,
35.68606,128.68523,primary,20,,
35.73791,128.27165,secondary,21,,
35.75176,128.37505,motorway,4,2,100
35.9178,128.28952,primary,12,,
35.92151,128.28753,residential,7,,
35.91471,128.28513,residential,9,,
35.98808,128.39933,secondary,16,,
35.98105,128.39863,tertiary,10,,
35.99668,128.39741,primary,11,4,70
36.64832,128.44404,secondary,14,4,
36.65125,128.45565,secondary,18,6,
36.60751,128.27743,tertiary,10,,
36.67746,129.44081,tertiary,21,4,
35.15953,128.6981,primary,16,4,
35.17974,128.55836,primary,22,2,70
35.26295,128.61829,secondary,12,,
35.19297,128.1167,tertiary,16,,
34.84232,128.42115,tertiary,14,4,
34.85293,128.42911,tertiary,10,4,40
34.93899,128.07641,secondary,22,,
35.22789,128.88254,tertiary,7,,
35.23177,128.86027,tertiary,10,4,
35.30725,128.73545,primary,23,1,
35.49217,128.74476,primary,16,,
34.89283,128.63063,primary,16,,
35.33719,129.02803,tertiary,8,4,
35.41496,129.16959,secondary,19,,
35.37372,129.15241,secondary,18,,
35.31918,128.25438,secondary,11,,
35.28,128.40323,primary,14,4,
35.27504,128.39888,primary,13,4,
35.30885,128.51909,primary,10,,
35.38928,128.48194,tertiary,17,,
35.5401,128.49245,secondary,11,,
35.39368,128.48106,tertiary,8,,
34.9762,128.32607,residential,5,,
35.05552,128.36605,secondary,7,4,70
34.97547,128.33473,primary,5,3,
34.84094,127.89398,tertiary,8,,
35.02943,127.90476,secondary,8,,
35.29473,127.95864,primary,7,,
35.52454,127.76299,secondary,8,2,70
35.56763,128.16327,primary,12,,
35.56697,128.1587,tertiary,12,,
33.49476,126.5337,secondary,9,,50
33.24759,126.56159,secondary,15,2,
33.25422,126.57693,secondary,18,3,
37.58583,127.00147,primary,39,6,
37.57012,126.97624,primary,34,8,60
37.55482,127.01069,primary,17,,
37.52899,127.00754,trunk,13,4,80
37.52957,126.96829,primary,19,5,
37.51933,126.99429,trunk,19,4,80
37.5579,127.04017,primary,32,3,30
37.55716,127.07954,primary,21,5,
37.54509,127.10435,primary,21,4,
37.57228,127.07285,secondary,27,,
37.61382,127.10145,primary,18,8,50
37.63963,127.02743,primary,23,3,
37.65421,127.06003,primary,21,6,50
37.63204,127.06189,trunk,19,4,30
37.5921,126.91474,primary,26,6,50
37.60634,126.92294,primary,27,,
37.56537,126.96618,primary,29,8,60
37.57167,126.95969,primary,19,8,50
37.54954,126.91407,primary,22,6,30
37.56531,126.91183,trunk,20,6,80
37.54337,126.95231,primary,29,5,
37.5289,126.86417,trunk,22,5,80
37.53099,126.87503,trunk,15,5,80
37.5598,126.83789,primary,15,7,60
37.49488,126.84118,primary,20,,
37.47611,126.88179,secondary,6,4,
37.5298,126.89299,trunk,20,2,80
37.49753,126.95256,primary,26,5,
37.50432,126.97591,trunk,16,8,80
37.46496,127.04192,trunk,24,3,50
37.47714,126.98279,primary,24,6,
37.5232,127.03919,secondary,14,6,60
37.53831,127.12425,primary,26,7,
35.1109,129.0122,primary,26,,
35.09337,129.02391,secondary,10,8,
35.08585,129.04098,trunk,22,,
35.15448,129.05992,primary,16,4,30
35.19556,129.10835,secondary,16,,
35.13658,129.07232,trunk,20,,
35.19391,129.11609,secondary,14,1,50
35.17236,129.17506,secondary,22,6,
35.08495,128.98223,trunk,11,5,
35.23939,129.0926,trunk,12,,
35.22377,129.08795,primary,19,6,60
35.09864,128.92019,secondary,17,,
35.08905,128.90274,secondary,15,2,
35.19528,129.08001,primary,13,8,
35.14954,128.98954,trunk,11,2,70
35.24206,129.21772,tertiary,16,1,
35.86696,128.59992,secondary,10,,
35.86706,128.58905,secondary,8,5,70
35.87634,128.60419,trunk,16,,
35.93343,128.5486,primary,14,2,
35.81814,128.53853,primary,21,4,60
35.86299,128.46046,primary,6,4,60
35.87367,128.47636,secondary,13,6,
37.46657,126.63492,motorway,28,3,80
37.47827,126.63156,tertiary,21,3,
37.49105,126.64821,secondary,9,,
37.47727,126.64921,primary,18,,
37.4342,126.69767,motorway,15,3,100
37.40139,126.72328,secondary,16,,
37.49811,126.73047,secondary,17,7,50
37.59463,126.67404,secondary,11,,
37.7473,126.48356,secondary,25,,
37.73734,126.4881,primary,7,4,
35.14694,126.92767,primary,20,4,60
35.13449,126.90154,primary,24,,
35.0983,126.87724,trunk,21,3,60
35.1334,126.91002,primary,22,4,60
35.18049,126.93011,primary,15,4,60
35.21829,126.84255,secondary,15,6,60
36.32935,127.42772,secondary,19,4,
36.32148,127.40918,primary,10,8,
36.34466,127.37991,primary,13,4,70
36.36675,127.331,motorway,10,2,100
35.49659,129.42911,tertiary,10,,
35.48797,129.41564,secondary,25,,
35.51282,129.42513,tertiary,13,,
35.57057,129.36092,secondary,9,,70
35.54974,129.35804,secondary,7,,70
35.43071,129.30826,tertiary,13,,
35.55766,129.25482,primary,12,,
36.49854,127.24023,trunk,8,3,
36.48624,127.30099,tertiary,10,,50
36.52747,127.24884,trunk,12,3,60
37.2776,127.01678,tertiary,20,,
37.74357,127.04656,secondary,29,4,50
37.37831,126.95615,motorway,16,4,100
37.40486,126.97059,primary,13,4,
37.48676,126.7769,primary,19,8,
37.48585,126.78313,primary,16,5,
37.44187,126.84689,secondary,10,,70
37.06709,127.05879,secondary,14,,
37.8916,127.05703,secondary,7,6,
37.89895,127.05649,secondary,6,2,
37.8886,127.0568,secondary,7,4,
37.31518,126.84505,primary,17,7,
37.29369,126.85868,secondary,23,2,30
37.64356,126.78739,primary,22,6,60
37.66325,126.72545,trunk,27,4,80
37.58412,127.15702,motorway,9,5,100
37.65386,127.24376,tertiary,10,,30
37.14964,127.06225,primary,20,6,
37.43914,126.78566,primary,19,,
37.3648,126.72851,primary,7,4,
37.36172,126.93323,tertiary,16,6,
37.34463,126.97485,primary,19,,
37.56097,127.19175,secondary,31,,
37.56589,127.18903,tertiary,29,,
37.32382,127.09692,secondary,20,2,
37.32614,127.10907,trunk,29,,60
37.2705,127.09954,trunk,9,3,80
37.75776,126.77362,tertiary,19,,
37.7107,126.76027,primary,11,2,
37.76507,126.77388,secondary,18,6,60
37.27428,127.45089,primary,25,4,80
37.30023,127.40786,primary,11,,
37.00158,127.26767,secondary,10,,60
37.01318,127.25789,secondary,9,2,40
37.00443,127.26942,secondary,16,,
37.64401,126.66901,tertiary,11,6,
37.4099,127.25825,tertiary,16,2,
37.41404,127.26023,secondary,18,6,
37.80428,127.08336,secondary,11,6,60
37.81888,127.09379,secondary,5,4,
37.2891,127.63561,tertiary,22,6,
38.02628,127.06631,primary,13,6,
37.82947,127.51397,primary,16,,
37.8182,127.3497,tertiary,15,2,
37.48985,127.49383,tertiary,33,,
37.8858,127.7463,tertiary,11,4,
37.87384,127.71337,primary,7,6,
37.33644,127.92867,tertiary,18,,
37.34691,127.95482,secondary,32,3,
37.76293,128.90056,tertiary,32,6,50
37.75515,128.89855,primary,18,4,30
37.76417,128.8772,tertiary,18,,
37.48053,129.11282,primary,20,4,
37.52913,129.10491,primary,7,4,
38.1896,128.58646,primary,31,4,40
37.43221,129.1802,primary,11,,
37.44047,129.16512,tertiary,9,,
37.6876,127.88963,trunk,8,4,80
37.80684,127.99151,trunk,11,2,80
37.66574,127.84217,trunk,10,,70
37.48576,127.99057,tertiary,23,,50
37.18119,128.46584,primary,17,2,
37.18028,128.47544,primary,20,4,
37.64433,128.56783,primary,5,4,
37.20927,128.63772,trunk,8,2,80
38.2106,127.24562,secondary,18,4,
38.23689,127.43684,primary,9,,
38.21233,127.21525,primary,17,2,
38.11296,127.70135,secondary,5,,
38.10498,127.99091,tertiary,29,,
38.10132,127.9836,secondary,22,,
37.91732,128.28731,service,10,1,
38.24378,128.56936,primary,11,4,80
38.25998,128.5557,primary,17,4,80
38.15688,128.60944,primary,4,4,20
36.62496,127.42934,tertiary,10,7,30
36.63727,127.49074,secondary,25,4,
37.11923,128.20226,secondary,10,4,
36.48625,127.72159,tertiary,9,,
36.48563,127.71182,primary,12,,
36.30694,127.57306,secondary,25,,
36.20376,127.71661,primary,10,4,
36.17811,127.77817,secondary,15,,
36.7861,127.58159,primary,27,,
36.7838,127.57278,primary,11,4,
36.86168,127.43948,primary,13,2,60
36.80926,127.81007,trunk,14,2,80
36.659,127.73967,primary,3,,
36.90923,127.54112,secondary,8,6,
36.99217,127.59013,secondary,11,,
36.99471,127.59613,secondary,18,,
37.02908,128.30361,secondary,7,,30
36.9809,128.3505,primary,15,4,50
36.82666,127.13746,secondary,20,3,60
36.79712,127.12994,secondary,29,4,80
36.37073,127.26034,trunk,7,2,70
36.47304,127.13771,tertiary,11,,
36.46341,127.14028,trunk,14,4,80
36.77685,127.05407,trunk,22,3,60
36.77226,126.44045,primary,19,4,60
36.77812,126.45756,secondary,11,4,50
36.77102,126.43667,primary,11,2,60
36.28878,127.24487,residential,14,,50
36.95806,126.77212,trunk,8,3,80
36.10172,127.49967,primary,23,1,
36.102,127.48822,primary,11,,
36.27616,126.91275,secondary,14,4,
36.27388,126.88118,secondary,8,,
36.08374,126.6827,trunk,8,,70
36.41052,126.9508,primary,19,,
36.37576,126.93545,primary,6,,
36.70449,126.67285,primary,20,4,
35.81629,127.10968,tertiary,11,,
35.83378,127.12301,tertiary,36,10,
35.80593,127.1233,tertiary,17,10,60
35.96271,126.69311,tertiary,15,4,
35.9585,126.97681,tertiary,16,6,60
35.57675,126.84694,primary,7,,
35.56349,126.86623,primary,13,,
35.56402,126.86027,tertiary,10,,
35.40937,127.37656,primary,21,,
35.40683,127.37054,tertiary,15,,
35.8003,126.88479,secondary,14,,
35.81711,126.93164,secondary,12,4,
35.82068,127.02531,secondary,13,2,
35.90282,127.07666,primary,7,,80
35.77627,127.39569,primary,4,,
36.0052,127.6756,primary,8,2,
35.53809,127.32797,tertiary,11,,
35.61202,127.27697,secondary,11,2,
35.37806,127.14122,secondary,14,,
35.37873,127.14546,primary,7,,
35.43757,126.6926,primary,9,2,
35.72612,126.73626,secondary,27,,15
35.72717,126.73969,secondary,25,,
35.72661,126.73079,tertiary,24,,
34.81233,126.39951,tertiary,19,,
34.81001,126.42226,tertiary,9,6,
34.80559,126.42417,tertiary,17,6,
34.95589,127.51818,tertiary,13,,
35.02117,126.78497,secondary,7,,
35.02385,126.78679,tertiary,2,,
35.02866,126.71774,tertiary,14,4,
34.93589,127.69628,tertiary,27,4,
34.97947,127.58275,primary,29,,
34.94396,127.68868,secondary,18,6,
35.31562,126.98557,primary,17,3,80
35.31977,126.98121,primary,16,,
35.28265,127.14564,trunk,9,2,
35.13132,127.25357,tertiary,11,,
35.27579,127.13469,tertiary,13,2,
35.20634,127.46457,secondary,12,2,
35.2081,127.48605,,0,,
34.53232,127.14019,primary,7,,
34.83795,127.41135,primary,12,4,80
34.86392,127.32376,trunk,7,2,80
35.05811,126.98167,secondary,20,,
34.71961,126.70936,trunk,7,,
34.6424,126.78188,secondary,10,,
34.57022,126.59814,,0,,
34.74552,126.47407,secondary,18,,
34.81439,126.46023,tertiary,12,4,
34.80539,126.4603,tertiary,10,4,
34.81099,126.46029,tertiary,5,4,
35.2783,126.503,secondary,9,,
35.35582,126.45194,secondary,19,2,80
35.30864,126.79034,motorway,10,2,100
35.29238,126.77286,primary,16,,
34.31973,126.74613,primary,11,,
34.31716,126.74847,secondary,6,,
34.47915,126.26382,primary,14,,
34.48164,126.25964,tertiary,12,,
35.05828,126.20668,primary,6,,
36.01208,129.37137,primary,23,,
36.0121,129.34289,primary,22,3,50
35.84445,129.21538,,0,,
35.86346,129.21296,secondary,7,4,
36.11527,128.15563,primary,13,4,60
36.56574,128.72693,tertiary,16,2,
36.55829,128.72088,tertiary,18,,60
36.11635,128.33923,tertiary,22,,50
36.08665,128.36125,motorway,19,8,100
36.10319,128.42373,secondary,18,,60
36.8189,128.62065,primary,18,,
35.96074,128.93288,tertiary,7,,30
36.42001,128.16269,tertiary,18,1,
36.59488,128.19908,tertiary,9,,50
36.58587,128.19206,secondary,16,,50
36.60207,128.2037,tertiary,7,,30
35.8378,128.75389,secondary,15,,
35.83422,128.72756,primary,16,,
35.83415,128.74033,secondary,5,,
36.23743,128.56723,,0,,
36.34976,128.69954,secondary,9,2,
36.38282,128.44039,secondary,8,,
36.43397,129.04982,primary,9,,
36.66502,129.11404,secondary,15,2,
36.3592,129.38322,secondary,9,2,
35.69455,128.88821,primary,9,,
35.78683,128.39842,secondary,4,,
35.91851,128.28563,primary,10,,
35.91345,128.28471,secondary,6,,
36.00129,128.60192,trunk,14,,50
36.6576,128.46141,secondary,18,4,
36.65844,128.47434,trunk,10,,
35.1593,128.69671,primary,11,4,
35.23434,128.57959,primary,13,,
35.15285,128.70596,primary,10,2,
35.15591,128.10738,tertiary,23,,
35.17317,128.06014,trunk,17,,
34.8274,128.40485,secondary,6,,
35.08429,128.0859,secondary,9,,
35.08025,128.08312,primary,6,,
35.22522,128.87472,primary,20,,
35.24537,128.90395,secondary,15,,
35.4861,128.75651,secondary,14,,
34.89185,128.62437,primary,31,3,70
34.88817,128.6267,tertiary,12,,
34.88969,128.60912,secondary,18,3,70
35.33544,129.02781,tertiary,12,4,
35.33014,129.00745,primary,22,2,50
35.35892,129.04585,motorway,18,4,100
35.31698,128.26223,primary,12,,
35.31761,128.26756,primary,12,,
35.2755,128.40591,primary,9,4,
35.27784,128.40821,secondary,9,2,
35.2764,128.40157,primary,9,4,
35.38828,128.48217,tertiary,15,,
35.5373,128.49556,secondary,10,,
35.05005,128.3626,secondary,15,4,70
34.8411,127.89903,primary,6,,
35.41465,127.87546,tertiary,9,2,
35.41732,127.87846,tertiary,14,,
35.30505,127.96588,primary,8,,
35.51639,127.72526,secondary,21,2,
35.68776,127.91588,secondary,12,,
35.69076,127.91469,secondary,12,,
35.5684,128.16135,secondary,8,,
35.57142,128.16381,primary,8,,
33.48579,126.49322,secondary,8,,
33.24946,126.56166,secondary,19,,
33.25738,126.57357,tertiary,16,,
37.57537,126.97567,primary,12,3,40
37.57043,127.00943,primary,35,6,60
37.58507,127.00102,primary,37,6,
37.5559,126.97268,primary,28,4,
37.55459,127.01069,primary,18,,
37.56068,126.98171,primary,24,11,
37.53301,127.00642,primary,18,2,
37.52934,126.96829,primary,14,5,
37.52217,126.96186,trunk,17,6,80
37.54401,127.03555,primary,20,4,
37.55174,127.04539,trunk,20,6,80
37.5659,127.03583,primary,36,2,50
37.53969,127.07067,trunk,22,5,50
37.55723,127.07875,primary,19,5,
37.55854,127.07358,primary,42,5,
37.57795,127.03837,primary,21,4,60
37.57873,127.04135,primary,18,4,60
37.57149,127.07142,secondary,17,,
37.59758,127.09393,primary,28,,50
37.59256,127.0717,trunk,12,8,80
37.59965,127.10049,primary,33,5,
37.60274,127.02488,trunk,16,6,70
37.60315,127.03225,trunk,32,8,70
37.59313,127.0164,primary,30,6,
37.63775,127.02565,primary,23,3,
37.6394,127.02743,primary,26,3,
37.63505,127.02327,primary,29,6,
37.65648,127.03956,primary,14,4,30
37.65113,127.03638,primary,24,8,
37.66259,127.04251,primary,21,6,
37.61692,127.07421,trunk,20,4,70
37.65457,127.06059,primary,19,6,50
37.61799,127.07732,trunk,15,4,70
37.61859,126.92032,primary,30,6,50
37.61103,126.9173,primary,27,6,50
37.58897,126.91838,secondary,17,,
37.5907,126.94193,trunk,30,8,70
37.56859,126.91837,trunk,27,3,80
37.5813,126.93585,trunk,32,3,70
37.55498,126.9216,primary,19,6,
37.54865,126.91409,primary,19,6,30
37.53976,126.94755,primary,24,5,
37.51684,126.83947,primary,26,7,
37.52594,126.86438,secondary,16,10,
37.53566,126.82838,primary,21,4,
37.55834,126.83828,primary,27,7,60
37.53038,126.84746,secondary,17,6,
37.55289,126.85081,primary,14,7,30
37.47955,126.88888,primary,15,2,
37.48645,126.87798,primary,13,3,
37.49418,126.84014,primary,20,,
37.45454,126.90058,primary,38,6,60
37.47588,126.88179,secondary,6,4,
37.46626,126.90175,secondary,16,4,60
37.51854,126.91357,primary,25,8,
37.53573,126.89784,primary,20,,
37.52957,126.89299,trunk,20,2,80
37.50408,126.97645,trunk,17,8,80
37.51339,126.95614,trunk,19,8,80
37.50296,126.94772,primary,29,6,
37.4847,126.92966,primary,24,6,60
37.48104,126.95278,primary,20,8,60
37.4817,126.92908,secondary,23,,60
37.50191,127.00349,primary,17,,60
37.50478,127.00113,primary,29,4,
37.4614,127.0373,trunk,17,3,50
37.50264,127.04369,primary,27,4,50
37.50453,127.02533,primary,18,8,
37.5071,127.03393,primary,14,,
37.51305,127.10023,primary,26,6,
37.51391,127.10729,secondary,16,,
37.47064,127.12676,motorway,32,7,100
37.53884,127.12367,primary,25,7,
37.53372,127.13862,primary,11,,
37.52188,127.13415,primary,13,10,
35.09755,129.02826,primary,15,8,
35.0984,129.03584,primary,24,4,
35.10274,129.03644,primary,25,4,
35.09625,129.02447,primary,17,8,
35.10935,129.01649,secondary,17,,
35.11567,129.01751,secondary,17,,
35.11909,129.042,primary,24,3,
35.11452,129.03943,primary,15,8,
35.1369,129.06357,secondary,14,8,
35.09245,129.03837,secondary,17,6,
35.0928,129.04487,trunk,22,,
35.09056,129.04362,trunk,19,6,
35.15754,129.05782,primary,17,4,
35.15428,129.05992,primary,16,3,30
35.14711,129.05926,primary,23,8,
35.20513,129.07884,primary,37,10,
35.20771,129.06977,trunk,17,,80
35.19536,129.10835,secondary,18,,
35.13492,129.09193,secondary,16,3,
35.13714,129.09994,secondary,15,5,
35.13669,129.06808,trunk,28,2,60
35.21267,129.0377,trunk,18,,80
35.21121,129.01073,primary,21,,30
35.23445,129.01383,trunk,16,6,50
35.16255,129.13456,trunk,7,2,80
35.16703,129.12913,trunk,23,9,50
35.16873,129.13897,trunk,40,2,70
35.10595,128.96847,primary,28,6,
35.08475,128.98223,trunk,10,5,
35.09994,128.99324,primary,8,6,
35.23919,129.0926,trunk,12,,
35.21484,129.10719,secondary,13,,
35.23099,129.08657,tertiary,13,,30
35.08885,128.90363,secondary,15,2,
35.08838,128.88251,secondary,7,8,
35.11151,128.93218,primary,11,,70
35.18586,129.08166,secondary,23,6,60
35.18165,129.07831,secondary,25,3,60
35.19189,129.08947,secondary,11,,
35.16716,129.11523,secondary,29,,50
35.1357,129.11112,trunk,18,4,60
35.16176,129.11408,secondary,26,3,
35.16188,128.98474,secondary,16,7,
35.14934,128.98954,trunk,11,2,70
35.15056,129.00599,secondary,11,,
35.24218,129.21668,tertiary,16,1,
35.25081,129.21709,primary,20,4,
35.24493,129.21678,tertiary,18,2,
35.86675,128.59992,secondary,10,,
35.86438,128.59821,secondary,14,8,
35.86841,128.59817,residential,10,,
35.88095,128.61413,secondary,13,,
35.88541,128.63302,primary,19,,
35.87641,128.62613,secondary,23,6,
35.85769,128.55749,primary,16,6,70
35.87204,128.57119,secondary,10,,
35.88393,128.5732,secondary,12,,
35.83998,128.57996,secondary,6,6,
35.84467,128.59836,tertiary,15,6,
35.83863,128.577,secondary,16,6,
35.89654,128.61612,primary,13,1,
35.88612,128.60201,secondary,13,3,
35.93382,128.54067,secondary,12,,
35.83961,128.62391,secondary,13,5,
35.85863,128.6358,secondary,21,10,
35.85871,128.64606,primary,19,5,
35.84926,128.53075,primary,7,4,60
35.84998,128.53728,primary,11,4,60
35.83744,128.55759,primary,17,8,60
35.85725,128.46496,primary,10,4,60
35.86011,128.46257,primary,14,4,60
35.69278,128.46088,tertiary,8,,
37.46634,126.63492,motorway,25,3,80
37.45797,126.63028,motorway,10,2,80
37.49298,126.47991,trunk,13,3,
37.47651,126.63329,motorway,28,3,80
37.47568,126.64467,primary,26,4,30
37.48247,126.65893,secondary,2,,
37.45764,126.68948,primary,10,,
37.46356,126.66932,primary,15,,
37.45825,126.68014,primary,9,,
37.39314,126.64756,secondary,15,6,70
37.41301,126.67744,secondary,12,,
37.42673,126.65718,secondary,13,,
37.44953,126.70768,secondary,14,8,
37.44987,126.70122,secondary,5,8,
37.46139,126.72026,primary,15,,
37.49111,126.72317,secondary,26,8,60
37.48856,126.72953,secondary,11,7,50
37.49076,126.72973,secondary,27,7,50
37.52438,126.72219,motorway,12,3,
37.54301,126.72855,secondary,13,8,
37.53045,126.72255,secondary,19,2,
37.5935,126.67288,secondary,16,10,60
37.60188,126.65774,secondary,16,6,60
37.52448,126.67639,trunk,11,8,60
37.74657,126.48532,secondary,14,,
37.63717,126.49352,primary,21,,
37.74414,126.48743,secondary,14,2,
37.25674,126.49579,tertiary,12,2,
35.14936,126.92216,tertiary,13,,
35.14501,126.91733,tertiary,18,,
35.14999,126.91542,secondary,12,,
35.15269,126.8541,tertiary,11,4,60
35.16113,126.88347,primary,18,8,70
35.15049,126.85564,primary,18,4,60
35.13317,126.90136,primary,41,4,60
35.1332,126.91002,primary,20,4,60
35.13482,126.91702,primary,18,4,60
35.17662,126.87912,primary,20,4,60
35.17411,126.91275,secondary,41,2,30
35.18707,126.8996,secondary,18,6,
35.19014,126.82971,secondary,16,6,50
35.19015,126.83794,secondary,17,6,50
35.17927,126.81767,secondary,21,6,60
36.35139,127.4415,secondary,28,6,70
36.33097,127.43267,primary,34,4,70
36.3332,127.43885,secondary,31,6,70
36.32227,127.41244,primary,10,8,60
36.33363,127.39864,primary,16,4,70
36.32628,127.42715,secondary,14,4,
36.34951,127.37739,primary,20,4,70
36.35222,127.36998,primary,25,4,70
36.34079,127.38857,primary,17,4,70
36.35386,127.34051,primary,22,10,70
36.35631,127.33135,primary,25,4,
36.29957,127.32264,primary,24,5,
36.35652,127.40517,trunk,22,3,70
36.35828,127.41444,primary,14,4,70
36.35595,127.445,secondary,17,4,
35.56833,129.34351,secondary,18,,60
35.57859,129.34222,primary,18,,80
35.5603,129.34594,secondary,14,,
35.53197,129.30757,primary,40,,60
35.54855,129.30806,primary,27,5,60
35.53749,129.32897,secondary,23,,60
35.4967,129.4277,secondary,12,,
35.50046,129.42868,secondary,10,,
35.48735,129.42103,secondary,8,,
35.60283,129.3544,secondary,11,2,70
35.62586,129.35255,tertiary,13,,
35.56136,129.36152,secondary,7,,70
35.42906,129.30764,tertiary,19,,
35.55745,129.25482,primary,15,,
35.56211,129.12691,motorway,21,3,100
36.49094,127.25649,tertiary,17,4,50
36.48608,127.30123,tertiary,12,,50
36.50833,127.26158,tertiary,13,2,50
37.26348,127.03253,tertiary,12,8,60
37.24966,127.01871,primary,14,,
37.26813,127.02723,primary,19,,
37.43261,127.12902,primary,18,,80
37.42977,127.12941,primary,15,,80
37.43952,127.12783,primary,23,5,
37.73736,127.04284,tertiary,34,4,
37.73833,127.0478,secondary,32,4,50
37.74092,127.04715,secondary,24,4,50
37.38051,126.96055,motorway,18,4,100
37.37007,126.95795,primary,21,,
37.39845,126.93454,primary,13,7,
37.48653,126.7769,primary,19,8,
37.50359,126.76299,tertiary,14,4,50
37.50259,126.77084,residential,8,,
37.47915,126.85443,secondary,16,,
37.46172,126.88028,secondary,22,,50
37.4753,126.86613,secondary,10,,
37.03873,127.04788,tertiary,21,,
37.06525,127.06306,primary,18,4,70
37.06687,127.05879,secondary,18,,
37.89926,127.05767,secondary,5,4,
37.89892,127.06116,secondary,13,,
37.88837,127.0568,secondary,7,4,
37.31495,126.84505,secondary,14,,
37.3172,126.82111,primary,10,4,60
37.32858,126.78808,primary,18,2,
37.65478,126.77605,primary,16,4,60
37.65638,126.77402,primary,8,4,60
37.64238,126.78863,primary,18,6,60
37.45968,127.03283,trunk,12,3,50
37.42758,126.99135,tertiary,7,,
37.41118,126.98048,motorway,9,3,100
37.60077,127.14119,primary,24,6,
37.58916,127.15651,motorway,8,5,80
37.59708,127.13672,tertiary,22,,
37.6548,127.24496,tertiary,10,,30
37.65207,127.29964,tertiary,5,,80
37.65703,127.30271,tertiary,10,,
37.14376,127.07352,primary,17,2,
37.14859,127.07362,primary,14,4,50
37.14941,127.06225,primary,22,6,
37.43889,126.78652,primary,21,,
37.36792,126.73424,primary,10,4,
37.34461,126.74791,tertiary,17,2,
37.35729,126.93142,tertiary,14,,
37.35891,126.93436,tertiary,15,,
37.37213,126.94288,tertiary,22,8,
37.35747,126.96653,primary,11,1,
37.3493,126.97321,primary,13,,
37.34728,126.98442,trunk,8,,90
37.56609,127.19065,secondary,40,,
37.53775,127.20455,tertiary,22,2,40
37.56065,127.19383,secondary,18,,
37.32272,127.09651,secondary,15,,
37.32398,127.10305,motorway,34,4,110
37.23586,127.18925,primary,6,6,50
37.75753,126.77362,tertiary,20,,
37.73491,126.75887,primary,9,,
37.71271,126.76046,primary,11,3,
37.28062,127.44699,secondary,22,,
37.278,127.44683,secondary,19,,
37.28413,127.44719,secondary,21,,
37.00681,127.26653,secondary,14,,
37.00357,127.26835,secondary,21,,60
36.99487,127.14164,primary,11,6,80
37.60021,126.77212,primary,14,2,70
37.64527,126.62586,tertiary,8,6,
37.64378,126.66901,tertiary,13,6,
37.21344,127.04112,primary,15,,
37.20767,127.0351,primary,20,2,40
37.20686,127.07494,primary,29,4,60
37.40747,127.26101,tertiary,16,6,70
37.40972,127.25928,tertiary,11,2,
37.4133,127.26029,secondary,17,6,
37.81865,127.09455,secondary,6,4,
37.82196,127.04914,secondary,13,,
37.79301,127.07576,trunk,13,6,80
37.80521,127.13149,primary,10,6,60
37.8368,127.15509,primary,11,,
37.90038,127.20059,primary,12,,
37.28871,127.63523,tertiary,21,6,
37.2862,127.61908,trunk,15,2,80
37.30057,127.64989,secondary,7,4,50
38.02821,127.06561,primary,13,6,
38.02245,127.06585,secondary,6,,
38.02992,127.07091,tertiary,12,2,
37.83075,127.51322,primary,14,,
37.73554,127.41505,primary,15,4,
37.81668,127.50719,primary,27,1,
37.48962,127.49383,tertiary,32,,
37.48773,127.49199,secondary,34,4,
37.49057,127.49775,tertiary,37,,
37.8736,127.71337,primary,7,6,
37.85516,127.74943,tertiary,10,,
37.87602,127.73148,tertiary,12,,50
37.34752,127.93314,tertiary,22,4,
37.34756,127.95393,secondary,37,3,
37.34529,127.92904,tertiary,29,4,60
37.7627,128.90056,tertiary,28,6,50
37.7556,128.89954,primary,20,4,30
37.75893,128.89587,tertiary,25,4,60
37.4803,129.11282,primary,20,4,
37.49532,129.11074,primary,12,4,
37.54906,129.10884,tertiary,22,4,
37.15911,128.98991,primary,9,,60
37.17384,128.99374,primary,19,,60
37.12382,129.00381,primary,4,,60
38.19712,128.57619,primary,7,4,
38.21041,128.59358,secondary,25,4,20
38.19169,128.57908,primary,15,4,
37.43921,129.16859,tertiary,11,,
37.45604,129.1681,primary,22,,
37.44059,129.16426,tertiary,12,,
37.67541,127.85517,trunk,3,,70
37.70774,128.18745,tertiary,3,,
37.68066,127.86716,trunk,10,2,70
37.4873,127.98525,tertiary,18,,50
37.49078,127.98883,tertiary,27,,
37.48553,127.99057,tertiary,23,,50
37.18068,128.46255,primary,26,4,
37.18005,128.47544,primary,20,4,
37.18096,128.46584,primary,19,2,
37.63577,128.55757,primary,11,4,
37.36698,128.39553,primary,16,3,
37.36587,128.39271,primary,15,3,
37.22607,128.81493,secondary,15,,60
37.25393,128.7792,trunk,12,,80
37.21846,128.64312,trunk,12,2,80
38.20917,127.21727,primary,13,2,30
38.15784,127.31019,primary,11,4,
38.1842,127.30759,secondary,5,4,
38.10619,127.99023,tertiary,22,,
38.10141,127.98547,primary,11,,
38.06473,128.17529,trunk,5,,70
38.12112,128.20892,trunk,17,,80
37.91708,128.28731,service,9,,
38.25974,128.5557,primary,15,4,80
38.26711,128.55445,primary,10,4,
38.3872,128.46023,primary,12,4,60
38.07612,128.62414,tertiary,17,,40
38.06961,128.6248,primary,12,2,60
38.15015,128.60807,primary,9,4,70
36.63469,127.46021,secondary,25,4,50
36.62526,127.43077,secondary,22,7,30
36.64284,127.46249,tertiary,14,4,
36.98212,127.92832,tertiary,17,6,
36.98212,127.9176,tertiary,18,6,
36.98087,127.91297,secondary,13,4,
37.13541,128.21223,tertiary,8,4,
37.13115,128.19924,tertiary,10,,
37.1323,128.22142,primary,10,6,
36.48603,127.72159,tertiary,9,,
36.48287,127.72263,tertiary,6,,
36.45176,127.73343,primary,5,,
36.30193,127.56676,secondary,16,,
36.29225,127.56838,primary,11,4,
36.30015,127.57076,secondary,20,,
36.17515,127.7778,secondary,12,,
36.17349,127.77393,primary,24,3,
36.09872,127.68332,tertiary,10,,
36.78501,127.58272,secondary,18,2,
36.78323,127.57313,primary,16,4,
36.78795,127.58687,primary,12,4,
36.87096,127.46871,primary,7,,
36.98306,127.4343,trunk,6,2,80
36.85945,127.43715,primary,17,2,60
36.80808,127.79412,primary,16,,60
36.79737,127.78362,primary,8,3,80
36.80673,127.79333,primary,10,,60
36.9084,127.54227,secondary,8,6,
36.96622,127.48902,secondary,8,,
36.96843,127.48612,secondary,18,,
36.98201,128.36908,primary,17,4,50
36.97958,128.36795,primary,14,4,30
36.98458,128.36933,primary,15,4,50
36.81255,127.10778,secondary,10,4,80
36.79774,127.13056,secondary,31,4,80
36.83229,127.13569,living_street,6,2,40
36.47654,127.13881,residential,5,,
36.46319,127.14028,trunk,14,4,80
36.47184,127.13374,secondary,15,,
36.35034,126.59595,secondary,14,,
36.34573,126.5991,primary,15,3,60
36.34568,126.60178,primary,10,3,60
36.78105,127.0045,primary,27,6,60
36.77663,127.05407,trunk,20,3,60
36.78108,126.99987,primary,24,3,
36.76965,126.45242,primary,20,4,60
36.7768,126.46163,secondary,11,4,50
36.77696,126.45177,secondary,13,4,50
36.20453,127.08475,secondary,11,4,
36.20731,127.08246,secondary,16,1,
36.20235,127.08672,secondary,14,4,
36.28819,127.24509,residential,11,,50
36.90015,126.63264,primary,13,3,60
36.90209,126.68431,trunk,24,2,80
36.88472,126.63087,secondary,11,,
36.10945,127.49107,primary,14,2,
36.10248,127.49825,secondary,13,,
36.10266,127.49062,secondary,6,,
36.27594,126.91059,secondary,16,,
36.28379,126.9292,primary,12,4,
36.27591,126.9035,secondary,13,2,
36.07518,126.68744,tertiary,12,2,
36.08871,126.68272,primary,7,2,70
36.00811,126.68984,primary,3,,
36.41094,126.95123,primary,15,,
36.41321,126.94811,tertiary,21,,
36.4398,126.79532,primary,10,,
36.59947,126.6657,tertiary,20,,
36.60033,126.67094,tertiary,16,,
36.60267,126.67779,secondary,22,3,60
36.73875,126.8587,trunk,15,,80
36.70897,126.67315,primary,14,4,
36.68269,126.8265,trunk,14,2,80
36.75378,126.29702,tertiary,11,,
36.75322,126.32182,primary,13,2,80
36.75118,126.30227,tertiary,12,1,
35.81345,127.11268,secondary,13,4,
35.8145,127.10681,secondary,10,4,50
35.84407,127.12479,tertiary,17,3,
35.96222,126.69669,tertiary,20,,
35.97986,126.71959,primary,15,,
35.96475,126.71704,tertiary,16,,
35.95902,126.9768,tertiary,18,6,60
35.95912,126.98161,tertiary,9,6,60
35.93974,126.94722,tertiary,21,4,
35.57028,126.85265,primary,9,,
35.55702,126.86572,secondary,10,,
35.55962,126.86751,secondary,6,,
35.40646,127.37362,primary,15,1,
35.40096,127.3782,primary,13,,
35.40916,127.37656,primary,21,,
35.80092,126.8848,secondary,14,,
35.80232,126.8925,secondary,10,,
35.7996,126.88794,secondary,10,,60
35.91032,127.07264,secondary,13,,80
35.91138,127.07429,secondary,7,,80
35.91864,127.08531,secondary,6,,80
35.79122,127.42716,primary,18,2,
35.79193,127.43019,primary,13,2,
36.00978,127.67684,primary,8,2,
36.00712,127.66726,secondary,11,2,
35.61457,127.28051,secondary,9,2,
35.63143,127.2907,primary,7,4,
35.67443,127.27003,tertiary,18,,
35.3772,127.14104,secondary,15,,
35.37043,127.14094,tertiary,12,,
35.36924,127.13919,tertiary,17,,
35.33935,126.60088,secondary,4,,
35.72592,126.73626,secondary,26,,15
35.72616,126.73325,secondary,36,,
35.72303,126.73154,secondary,25,,
34.81186,126.39977,tertiary,18,,
34.81055,126.42377,tertiary,9,6,
34.80013,126.43081,tertiary,12,6,
34.76122,127.66296,tertiary,20,6,50
34.74008,127.73145,tertiary,29,4,50
34.74839,127.69953,tertiary,20,4,
34.95349,127.51892,secondary,23,,
34.94116,127.50726,secondary,16,,
34.95789,127.51944,secondary,16,,
35.02097,126.78497,secondary,7,,
35.0356,126.72023,secondary,19,4,
35.02209,126.78824,secondary,6,,
34.9383,127.69508,secondary,19,,
34.97068,127.58954,secondary,34,,
34.95101,127.69689,secondary,10,6,
35.31957,126.98121,primary,15,,
35.31487,126.98352,primary,29,3,80
35.30904,126.98206,primary,20,4,50
35.27137,127.13483,primary,11,2,
35.26321,127.12008,primary,15,,
35.27434,127.14584,trunk,12,,
35.21409,127.46719,secondary,10,,
35.20854,127.46454,secondary,22,2,
35.21596,127.46456,secondary,17,,
34.60728,127.28399,secondary,13,,
34.60824,127.28839,primary,17,1,
34.52588,127.14085,secondary,23,,
34.84466,127.34416,secondary,15,2,
34.84697,127.35091,secondary,23,2,
34.76775,127.08349,secondary,16,,
35.05546,126.97843,tertiary,21,,
34.99766,126.91619,secondary,14,,
35.05101,126.97231,trunk,16,,60
34.67947,126.90531,primary,15,2,50
34.56233,126.93884,secondary,11,2,
34.65738,126.88629,trunk,8,,60
34.69756,126.70851,motorway,14,2,100
34.71941,126.70936,trunk,7,,
34.45028,126.81694,tertiary,6,,
34.56984,126.59881,tertiary,19,,
34.57159,126.59948,tertiary,11,,
34.57076,126.60971,tertiary,6,,
34.74577,126.47915,primary,6,,
34.72767,126.55212,trunk,12,4,
34.72537,126.56894,secondary,14,2,
34.81266,126.46022,tertiary,11,4,
34.81079,126.46029,tertiary,8,4,
34.81426,126.47122,trunk,19,4,
35.0591,126.5218,primary,7,,
35.17932,126.6257,secondary,8,2,
35.0662,126.52553,primary,9,3,
35.36175,126.44387,secondary,16,4,
35.27775,126.50365,secondary,10,4,
35.27374,126.5046,residential,16,4,
35.29963,126.78162,tertiary,12,,
35.30137,126.7838,residential,12,,
35.26495,126.80568,primary,6,2,80
34.31865,126.74693,secondary,6,,
34.3135,126.75672,secondary,17,2,
34.31697,126.74847,secondary,5,,
34.47969,126.26377,tertiary,12,,
34.48145,126.25964,tertiary,10,,
34.82874,126.11427,primary,4,,
34.86502,126.31205,primary,16,1,
36.03257,129.36603,primary,23,4,50
36.00992,129.34806,primary,20,3,50
36.01762,129.36082,primary,10,4,50
35.84159,129.21692,primary,22,4,
35.86738,129.22383,tertiary,18,2,70
35.8381,129.20266,primary,18,6,
36.133,128.11781,tertiary,14,2,
36.12813,128.1182,secondary,16,2,
36.12428,128.11798,tertiary,28,,
36.56315,128.70274,tertiary,12,3,60
36.56293,128.73292,tertiary,8,4,60
36.56322,128.72078,tertiary,5,3,60
36.12639,128.33682,secondary,9,4,30
36.11741,128.35182,tertiary,14,6,50
36.1057,128.41971,secondary,23,4,60
36.81392,128.61886,primary,21,2,20
36.82537,128.62578,primary,13,,
36.82923,128.63496,primary,7,,
35.96026,128.93279,tertiary,10,,30
35.93103,128.87227,secondary,11,4,50
35.98269,128.92286,tertiary,2,2,
36.41545,128.15937,secondary,8,2,
36.41979,128.16269,tertiary,17,4,
36.41815,128.15109,primary,11,4,100
36.58647,128.19196,secondary,15,,50
36.60411,128.20522,tertiary,4,,30
36.59466,128.19908,tertiary,9,,50
35.83759,128.75389,secondary,14,,
35.83395,128.7411,secondary,7,,
35.83929,128.7574,secondary,18,,
36.35618,128.69415,secondary,11,6,
36.34922,128.69559,tertiary,7,6,
36.3517,128.6994,tertiary,6,2,
36.66556,129.11435,secondary,15,2,
36.65368,129.10946,primary,6,2,
36.66252,129.11318,secondary,19,2,
36.35108,129.37853,primary,11,4,
36.53881,129.40662,tertiary,18,,
36.38957,129.36963,primary,15,4,80
35.64362,128.74288,secondary,9,,
35.64751,128.73653,secondary,8,,
35.64088,128.61595,secondary,9,,
35.72914,128.27141,primary,16,,
35.72506,128.26753,primary,10,,
35.72901,128.27409,primary,12,,
35.91798,128.28676,primary,11,,
35.91324,128.28471,secondary,6,,
35.91772,128.29324,primary,13,,
35.97958,128.39868,primary,12,,
35.98778,128.39654,secondary,15,,
35.99603,128.39911,tertiary,13,,
36.57499,128.47279,primary,8,4,
36.57773,128.47286,primary,5,,
36.5061,128.30066,secondary,4,2,
36.89011,128.74053,secondary,17,,
36.88856,128.73187,secondary,7,,
36.70356,129.44292,primary,8,4,
35.22148,128.68398,residential,9,,
35.18035,128.55841,primary,25,2,70
35.15866,128.6989,primary,15,4,
35.1849,128.08808,residential,19,,
35.19397,128.08825,tertiary,27,,
35.15891,128.10773,trunk,25,2,
34.85733,128.42854,tertiary,16,4,40
34.85977,128.42764,tertiary,19,6,
34.84194,128.42032,tertiary,16,4,40
35.08005,128.08312,primary,7,,
35.07966,128.08653,secondary,10,,
35.08294,128.08604,tertiary,11,,
35.23433,128.86674,tertiary,8,,
35.26123,128.87196,secondary,12,,
35.23332,128.8816,secondary,8,,
35.46953,128.76272,primary,25,4,
35.48777,128.74851,primary,12,,
35.50108,128.74162,primary,16,,
34.89141,128.62282,primary,22,3,70
34.88703,128.62456,primary,17,,
34.89263,128.63063,primary,13,,
35.33524,129.02781,tertiary,12,4,
35.37352,129.15241,secondary,19,,
35.40638,129.16394,secondary,18,,
35.31677,128.26223,primary,12,,
35.46589,128.32452,tertiary,16,2,
35.31562,128.25852,primary,9,,
35.2753,128.40591,primary,6,4,
35.28071,128.40315,primary,16,4,
35.30625,128.5167,secondary,8,,
35.39256,128.48137,tertiary,7,,
35.4425,128.57305,primary,13,,
35.54261,128.4978,primary,7,,
34.97601,128.32607,residential,6,,
34.97432,128.32193,,0,,
34.97173,128.32766,secondary,2,,
34.84074,127.89398,tertiary,11,,
34.83328,127.89937,primary,12,,20
34.83501,127.89476,tertiary,13,,
34.99601,127.81144,primary,14,4,70
35.02616,127.90393,secondary,14,,
35.24621,127.64192,secondary,4,,
35.30323,127.97245,primary,22,,
35.41444,127.87546,tertiary,7,2,
35.41651,127.87737,tertiary,13,,
35.5208,127.73031,tertiary,23,,
35.52135,127.73358,primary,30,,20
35.51908,127.72269,secondary,39,2,
35.68755,127.91588,secondary,12,,
35.68018,127.91209,primary,15,2,
35.6848,127.91706,secondary,11,,
35.5669,128.16117,tertiary,13,,
35.568,128.16333,primary,13,,
35.43534,128.03353,secondary,4,,
33.48373,126.48487,tertiary,7,,
33.4857,126.49002,secondary,13,,
33.5053,126.4963,tertiary,34,,
33.25253,126.56116,secondary,24,,
33.24743,126.56198,secondary,17,2,
33.24846,126.56781,secondary,14,2,
