key,sido_cd,road_class,n_roads,max_lanes,maxspeed
37.62835,126.84784,11,unclassified,4,,
37.62703,126.87942,11,unclassified,8,,
37.59636,126.88378,11,residential,1,,
37.59786,126.8683,11,tertiary,6,1,50
37.65293,126.8354,11,tertiary,23,1,30
37.6272,126.84757,11,unclassified,3,,
37.44564,127.07887,11,service,6,,
37.62977,126.84572,11,unclassified,2,,
37.66322,126.82924,11,trunk,10,2,80
37.60885,126.86773,11,unclassified,3,,
37.62877,126.84441,11,unclassified,1,,
37.65485,127.12675,11,tertiary,7,4,60
37.63676,126.84374,11,unclassified,1,,
37.63718,126.88961,11,service,11,,
37.64496,126.85867,11,primary,4,2,60
37.638,126.87043,11,primary,12,3,70
37.60487,126.86891,11,primary,12,3,60
37.65916,127.13625,11,service,1,,
37.44802,127.08479,11,service,1,,
37.65213,127.1082,11,service,5,,
37.45886,127.08713,11,residential,4,,
37.66388,126.9495,11,residential,7,,
37.61205,126.87753,11,service,11,,
37.65158,126.87871,11,primary,10,3,60
37.65712,126.94069,11,secondary,7,4,50
37.65688,126.85436,11,service,9,,
37.44856,127.0978,11,residential,2,,
37.62556,126.88845,11,unclassified,3,,
37.64713,127.1299,11,tertiary,6,3,
37.65004,126.84226,11,residential,1,,
37.64516,126.83575,11,tertiary,15,2,30
37.6145,126.86219,11,unclassified,2,,
37.45259,127.08818,11,service,2,,
37.65173,127.12364,11,motorway,6,4,100
37.66035,126.83065,11,trunk,9,2,80
37.59744,126.86884,11,residential,1,,
37.63316,126.87522,11,primary,8,4,60
37.65793,126.95046,11,residential,5,,
37.61811,126.84539,11,primary,14,3,60
37.66675,127.12423,11,residential,8,,
37.62367,126.87098,11,primary,1,2,60
37.61148,126.84285,11,service,2,,
37.6557,126.89293,11,residential,6,,
37.66365,127.10897,11,residential,13,,
37.65262,126.83421,11,tertiary,18,1,30
37.63622,127.12697,11,motorway,6,3,60
37.61021,126.87848,11,service,10,,
37.64192,126.8524,11,unclassified,1,,
37.61035,126.97113,11,residential,10,,
37.66298,126.94811,11,residential,2,,
37.64776,126.93838,11,secondary,9,4,50
37.60983,126.86926,11,secondary,2,2,60
37.59039,126.87527,11,trunk,5,3,60
37.58986,126.84802,11,service,7,,
37.61946,126.83504,11,primary,13,3,60
37.59842,126.8462,11,unclassified,4,,
37.63344,126.87495,11,primary,12,4,60
37.6541,126.90176,11,primary,10,3,60
37.6497,127.10763,11,residential,5,,
37.65468,126.87526,11,tertiary,7,1,30
37.61807,126.9966,11,residential,9,1,
37.63356,126.85116,11,unclassified,2,,
37.6367,126.86164,11,unclassified,1,,
37.61688,126.83386,11,primary,11,3,60
37.61273,126.9727,11,residential,11,,
37.65682,127.10523,11,residential,2,,
37.58927,126.87967,11,secondary,8,2,50
37.6606,126.90169,11,tertiary,5,1,50
37.61335,126.83193,11,secondary,21,3,50
37.65622,127.10088,11,residential,3,,
37.66019,126.86128,11,tertiary,1,,
37.63352,126.8508,11,motorway,9,3,100
37.60558,126.84633,11,motorway,4,2,100
37.63948,126.8777,11,unclassified,1,,
37.60181,126.8544,11,unclassified,2,,
37.59243,126.87825,11,service,1,,
37.57246,127.11778,11,unclassified,3,,
37.59119,126.88087,11,primary,6,4,60
37.65321,126.87589,11,residential,7,,
37.65647,126.85188,11,motorway,1,3,100
37.45158,127.07123,11,service,6,,
37.6217,126.83616,11,primary,16,3,60
37.64755,126.87751,11,secondary,9,2,50
37.59304,126.86822,11,trunk,8,3,80
37.63504,126.86649,11,trunk,10,3,70
37.62321,126.88817,11,tertiary,4,1,40
37.44755,127.08117,11,service,5,,
37.64752,126.83078,11,primary,7,3,60
37.62736,126.85892,11,trunk,12,3,70
37.58652,126.87481,11,residential,9,,
37.6612,126.93887,11,unclassified,1,,
37.59614,126.86742,11,tertiary,7,1,50
37.65417,126.90122,11,primary,9,3,60
37.59877,126.84535,11,unclassified,4,,
37.62585,126.84162,11,secondary,10,2,50
37.63757,126.86939,11,primary,11,3,70
37.64672,126.83865,11,primary,8,3,60
37.43937,127.09053,11,motorway,4,2,100
37.65462,126.85501,11,service,7,,
37.59853,126.86847,11,tertiary,8,1,50
37.65378,127.11432,11,tertiary,12,6,
37.60617,126.85102,11,motorway,1,2,80
37.45109,127.07499,11,unclassified,3,,
37.66117,126.8378,11,secondary,13,2,50
37.6539,127.12898,11,tertiary,11,4,60
37.64301,126.85976,11,primary,2,2,60
37.61091,126.86895,11,unclassified,1,,
37.59816,126.83332,11,unclassified,1,,
37.65604,126.94703,11,residential,19,,
37.6189,126.87031,11,unclassified,5,,
37.63283,126.86228,11,unclassified,2,,
37.61872,126.8763,11,secondary,10,2,60
37.64865,126.87934,11,service,16,,
37.45162,127.08179,11,tertiary,6,,
37.66316,126.92315,11,unclassified,1,,
37.65462,126.84507,11,unclassified,5,,
37.66241,127.1118,11,residential,1,,
37.4517,127.09491,11,motorway,3,2,100
37.6424,126.88347,11,primary,6,3,60
37.62593,126.88716,11,residential,1,,
37.61374,126.88154,11,service,4,,
37.45525,127.07897,11,service,2,,
37.6125,126.97755,11,residential,11,1,
37.59217,126.86924,11,trunk,5,3,80
37.66427,126.99972,11,service,1,,
37.62365,126.86611,11,unclassified,4,,
37.66137,126.87344,11,service,1,,
37.63554,126.86818,11,trunk,13,3,70
37.64303,126.89305,11,residential,4,,
37.66367,126.94698,11,residential,1,,
37.6563,127.12399,11,residential,6,,
37.62353,126.87525,11,primary,4,2,60
37.57668,126.88302,11,primary,1,,
37.64985,126.83786,11,residential,4,,
37.59909,126.83887,11,unclassified,1,,
37.65363,126.89213,11,primary,5,4,60
37.58862,126.85574,11,residential,1,,
37.62917,126.83253,11,tertiary,19,2,50
37.5713,126.88091,11,tertiary,4,,
37.65399,126.90509,11,primary,5,3,60
37.66088,126.93309,11,residential,1,,
37.6583,127.13381,11,motorway,4,3,100
37.65261,126.93849,11,secondary,8,4,50
37.65124,127.10208,11,unclassified,2,,
37.64805,127.12553,11,motorway,16,4,100
37.61218,126.84233,11,secondary,6,2,50
37.63681,126.83533,11,secondary,26,2,50
37.65038,127.10267,11,residential,2,,
37.65046,127.11375,11,tertiary,14,4,
37.64776,126.94278,11,service,3,,
37.64332,127.13613,11,service,2,,
37.64216,126.8844,11,primary,8,3,60
37.58959,126.87848,11,tertiary,7,2,50
37.44859,127.07137,11,service,3,,
37.65107,126.91997,11,primary,5,2,50
37.59779,126.84507,11,unclassified,5,,
37.64704,126.84774,11,motorway,4,3,100
37.6038,126.8681,11,primary,11,3,60
37.59603,126.87665,11,primary,12,3,60
37.58791,126.87875,11,unclassified,1,1,
37.61172,126.86297,11,unclassified,2,,
37.60268,126.86428,11,tertiary,2,2,50
37.6642,127.12298,11,service,2,,
37.65541,126.94199,11,secondary,1,4,50
37.6384,126.87124,11,primary,13,3,70
37.65819,126.8787,11,unclassified,2,,
37.64379,127.12615,11,tertiary,7,6,50
37.62673,126.88178,11,secondary,2,2,60
37.60849,126.83358,11,unclassified,1,,
37.65041,127.1274,11,tertiary,3,4,60
37.61986,126.85448,11,secondary,4,2,50
37.66182,126.8429,11,primary,4,2,60
37.63508,127.13257,11,motorway,1,4,100
37.63877,126.87365,11,secondary,10,2,50
37.64424,127.1374,11,tertiary,4,,60
37.61017,126.97783,11,primary,8,4,
37.65347,126.88334,11,tertiary,14,1,50
37.65799,126.83519,11,secondary,12,2,50
37.63433,126.83523,11,primary,19,3,50
37.66296,126.84598,11,primary,1,3,60
37.59946,126.85867,11,unclassified,2,,
37.61636,126.85826,11,motorway,4,3,100
37.65395,126.84052,11,primary,10,6,60
37.65131,127.13291,11,motorway,2,3,100
37.65165,126.86703,11,tertiary,11,6,50
37.44088,127.0603,11,motorway,6,5,110
37.61299,126.87461,11,service,11,,
37.61264,126.97237,11,residential,10,,
37.64292,126.95151,11,service,2,,
37.63929,126.86113,11,unclassified,2,,
37.65089,126.90929,11,primary,6,3,60
37.63566,126.88252,11,secondary,4,2,60
37.65572,126.91943,11,residential,3,,
37.64137,126.87473,11,secondary,4,2,50
37.63857,126.83113,11,secondary,16,3,50
37.64695,126.90172,11,primary,8,3,60
37.6307,126.83591,11,primary,11,3,60
37.6378,127.13817,11,primary,5,,
37.63091,126.87941,11,primary,19,8,60
37.66575,126.91601,11,unclassified,1,,
37.64431,126.83339,11,secondary,9,3,50
37.63229,126.87332,11,tertiary,3,1,50
37.65429,126.92063,11,primary,9,2,50
37.61364,126.97079,11,residential,11,1,
37.60762,126.96851,11,residential,9,,
37.63022,126.84254,11,unclassified,3,,
37.6025,126.87409,11,residential,19,,
37.6531,126.87585,11,residential,7,,
37.65683,126.94755,11,residential,23,,
37.66468,127.00684,11,residential,2,,
37.5993,126.85606,11,unclassified,1,,
37.59786,126.83645,11,unclassified,1,,
37.63196,127.13747,11,tertiary,8,,50
37.63878,127.1247,11,tertiary,5,,
37.61884,126.84265,11,primary,12,3,60
37.62758,126.83546,11,primary,15,3,60
37.66304,126.84583,11,primary,1,3,60
37.6069,126.84716,11,residential,3,,
37.66192,126.83946,11,secondary,12,1,50
37.64786,126.88117,11,tertiary,11,2,50
37.66366,126.92542,11,unclassified,1,,
37.63905,126.8431,11,unclassified,1,,
37.64493,126.87632,11,primary,8,3,60
37.62381,126.88807,11,residential,5,,
37.6301,126.84057,11,unclassified,1,,
37.63898,126.8568,11,residential,2,,
37.64795,127.11485,11,tertiary,11,4,
37.60727,126.843,11,trunk,12,3,70
37.61199,126.85179,11,unclassified,2,,
37.5918,126.86711,11,residential,6,,
37.65246,127.12754,11,tertiary,7,4,60
37.60557,126.87716,11,service,5,,
37.65625,126.82848,11,trunk,11,3,80
37.62289,126.84331,11,residential,17,1,30
37.66082,127.13264,11,motorway,3,3,100
37.5992,126.84751,11,unclassified,5,,
37.62418,126.85254,11,tertiary,2,1,50
37.60849,126.86771,11,secondary,4,2,60
37.64238,127.11445,11,secondary,2,6,60
37.65685,126.89706,11,primary,7,4,60
37.65711,126.93874,11,residential,3,,
37.57671,126.87807,11,unclassified,2,,
37.60862,126.8404,11,service,1,,
37.65153,126.91882,11,primary,7,2,50
37.60884,126.84054,11,service,1,,
37.63808,126.86135,11,unclassified,2,,
37.61135,126.85603,11,primary,7,3,60
37.66601,126.85268,11,motorway,9,3,100
37.59988,126.86741,11,tertiary,8,1,50
37.61395,126.83104,11,residential,28,1,30
37.62269,126.85818,11,motorway,7,3,100
37.62613,126.85849,11,trunk,14,3,70
37.62202,126.84535,11,secondary,16,2,50
37.654,126.88113,11,primary,10,3,60
37.66363,126.91958,11,secondary,8,2,60
37.61328,126.98182,11,residential,4,1,
37.66421,126.92567,11,unclassified,1,,
37.60589,126.96977,11,primary,8,4,
37.66118,126.88623,11,primary,4,3,60
37.62864,126.85829,11,tertiary,4,1,50
37.62375,126.85008,11,tertiary,6,1,50
37.65235,126.95569,11,residential,1,,
37.63732,126.8546,11,tertiary,4,1,50
37.65523,127.12986,11,tertiary,6,,60
37.63545,126.84987,11,motorway,1,3,100
37.65085,126.86338,11,service,8,2,30
37.58765,126.86932,11,service,2,,
37.65336,126.89535,11,primary,20,4,60
37.4611,127.07431,11,trunk,2,,80
37.44137,127.07576,11,trunk,4,,80
37.65322,126.93133,11,residential,20,1,30
37.62119,126.96156,11,service,1,,
37.6374,127.13741,11,tertiary,3,,
37.65752,126.93114,11,residential,2,,
37.60177,126.84959,11,motorway,3,2,80
37.45667,127.08199,11,tertiary,3,,
37.63108,126.85225,11,motorway,7,3,100
37.63333,127.13384,11,motorway,4,4,100
37.66179,126.95171,11,tertiary,4,2,60
37.63701,126.8598,11,unclassified,3,,
37.64928,126.87138,11,tertiary,5,4,50
35.19918,128.90881,26,unclassified,1,,
35.18133,128.93545,26,service,1,,
35.19853,129.2059,26,secondary,3,,60
35.15222,128.86036,26,tertiary,3,,
35.13967,128.84807,26,secondary,2,,
35.18615,128.8766,26,unclassified,2,,
35.15504,128.94008,26,residential,2,,
35.18212,128.9275,26,service,4,,
35.15204,128.85181,26,trunk,4,,
35.19875,128.90012,26,tertiary,2,,
35.17504,128.90729,26,unclassified,1,,
35.20144,129.19146,26,residential,3,,
35.15453,128.87711,26,service,1,,
35.19254,129.21023,26,tertiary,5,,
35.17406,128.93044,26,tertiary,1,,
35.2028,129.19481,26,residential,2,,
35.18269,128.86778,26,secondary,3,3,
35.25037,129.14061,26,tertiary,1,,
35.14129,128.86191,26,tertiary,4,4,
35.14389,128.86841,26,residential,2,,
35.1378,128.86385,26,service,1,,
35.2349,129.14226,26,residential,1,,
35.15289,128.91693,26,tertiary,3,,
35.13132,128.86225,26,residential,1,,
35.23136,129.15348,26,primary,25,3,
35.20538,128.84022,26,primary,6,3,
35.20337,129.19095,26,residential,2,,
35.18396,128.95172,26,service,2,,
35.13065,128.8808,26,residential,8,,
35.21267,128.91523,26,unclassified,1,,
35.14465,128.85937,26,trunk,2,,
35.1613,128.9417,26,tertiary,4,,
35.2346,129.17809,26,unclassified,10,,
35.18872,129.20756,26,tertiary,3,,
35.20863,129.15495,26,service,1,,
35.24414,129.0507,26,trunk,2,2,80
35.21516,128.9175,26,unclassified,2,,
35.13408,128.87067,26,tertiary,1,,
35.17381,128.93595,26,service,2,,
35.14178,128.90333,26,unclassified,1,,
35.15822,128.91948,26,tertiary,5,,
35.13429,128.86975,26,tertiary,2,,
35.13695,128.87514,26,tertiary,2,,
35.09774,129.10408,26,unclassified,12,,
35.23373,129.17699,26,unclassified,4,,
35.16008,128.92998,26,motorway,2,4,100
35.15315,128.92682,26,tertiary,1,,
35.18753,128.92082,26,tertiary,5,,
35.20135,128.85398,26,unclassified,1,,
35.16533,128.90089,26,motorway,3,4,100
35.18689,128.92709,26,unclassified,1,,
35.20182,128.8532,26,unclassified,1,,
35.23073,128.97795,26,motorway,14,2,
35.13513,128.88565,26,tertiary,4,,
35.183,128.84682,26,service,1,,
35.16528,128.94222,26,tertiary,2,,
35.19141,128.89723,26,trunk,2,,
35.24808,128.98271,26,primary,1,,
35.18779,128.84617,26,unclassified,3,,
35.15243,128.86835,26,residential,3,,
35.18669,129.21614,26,residential,3,,
35.23287,129.17538,26,unclassified,1,,
35.18668,128.90456,26,secondary,1,,
35.16811,128.91268,26,tertiary,3,,
35.15839,128.9423,26,motorway,3,4,100
35.14007,128.86107,26,tertiary,8,,
35.17893,128.90186,26,primary,4,,
35.15682,128.85924,26,tertiary,5,,
35.20362,128.84309,26,residential,1,,
35.15441,128.91296,26,residential,1,,
35.16209,128.89364,26,tertiary,2,,
35.17296,128.87399,26,motorway,2,4,100
35.16005,128.89218,26,tertiary,8,2,
35.18211,129.20677,26,secondary,6,4,
35.20562,129.20697,26,secondary,12,,
35.16991,128.88128,26,tertiary,1,,
35.18,128.9024,26,primary,2,,
35.24811,129.16358,26,unclassified,1,,
35.23324,129.18244,26,residential,1,,
35.16129,128.898,26,unclassified,1,2,
35.15813,128.91844,26,tertiary,3,,
35.10491,129.11557,26,residential,7,,
35.2346,129.18105,26,residential,3,,
35.19355,129.20501,26,motorway,12,3,80
35.19819,128.91132,26,tertiary,1,,
35.23295,129.15223,26,residential,11,,
35.19337,128.84478,26,secondary,2,4,
35.12831,128.85664,26,primary,4,,80
